id,brand,categories,dateAdded,dateUpdated,ean,keys,manufacturer,manufacturerNumber,name,reviews.date,reviews.dateAdded,reviews.dateSeen,reviews.didPurchase,reviews.doRecommend,reviews.id,reviews.numHelpful,reviews.rating,reviews.sourceURLs,reviews.text,reviews.title,reviews.userCity,reviews.userProvince,reviews.username,upc,brand_clean,category_list,category_level_1,category_level_2,category_level_3
AV13O1A8GV-KLJ3akUyj,Universal Music,"Movies, Music & Books,Music,R&b,Movies & TV,Movie Bundles & Collections,CDs & Vinyl,Rap & Hip-Hop,Bass,Music on CD or Vinyl,Rap,Hip-Hop,Mainstream Rap,Pop Rap",2017-07-25T00:52:42Z,2018-02-05T08:36:58Z,602537000000.0,"602537205981,universalmusic/14331328,universalmusicgroupcashmoney/14331328,pinkfridayromanreloadedreupwdvd/000000000,pinkfridayromanreloadedreupwdvd/b009ntnhju,0602537205981",Universal Music Group / Cash Money,14331328,Pink Friday: Roman Reloaded Re-Up (w/dvd),2012-11-30T06:21:45.000Z,2018-02-04T07:28:12Z,"2018-01-15T04:45:00.000Z,2018-01-18T14:30:00.000Z,2017-12-20T12:28:00.000Z,2017-12-16T05:40:00.000Z,2017-12-07T09:27:00.000Z,2017-11-18T22:25:00.000Z",,,,0.0,5,https://redsky.target.com/groot-domain-api/v1/reviews/14331328?sort=helpfulness_desc&limit=200&offset=0,i love this album. it's very good. more to the hip hop side than her current pop sound.. SO HYPE! i listen to this everyday at the gym! i give it 5star rating all the way. her metaphors are just crazy.,Just Awesome,Los Angeles,,Joshua,6.02537E+11,Universal Music,"['Movies', 'Music & Books', 'Music', 'R&b', 'Movies & TV', 'Movie Bundles & Collections', 'CDs & Vinyl', 'Rap & Hip-Hop', 'Bass', 'Music on CD or Vinyl', 'Rap', 'Hip-Hop', 'Mainstream Rap', 'Pop Rap']",Movies,Music & Books,Music
AV14LG0R-jtxr-f38QfS,Lundberg,"Food,Packaged Foods,Snacks,Crackers,Snacks, Cookies & Chips,Rice Cakes,Cakes",2017-07-25T05:16:03Z,2018-02-05T11:27:45Z,73416000391.0,"lundbergorganiccinnamontoastricecakes/b000fvzw8y,lundbergorganiccinnamontoastricecakes/b005grcqwc,073416000391,lundbergorganiccinnamontoastricecakes/b0013jlzbu,0073416000391,lundbergorganiccinnamontoastricecakes/555222704,lundberg/00574764,lundbergorganiccinnamontoastricecakes/563800996",Lundberg,574764,Lundberg Organic Cinnamon Toast Rice Cakes,2017-07-09T00:00:00.000Z,2017-09-23T02:53:06Z,2017-09-16T09:45:00.000Z,True,,100209113.0,,5,https://www.walmart.com/reviews/product/29775278,Good flavor. This review was collected as part of a promotion.,Good,,,Dorothy W,73416000391,Lundberg,"['Food', 'Packaged Foods', 'Snacks', 'Crackers', 'Snacks', 'Cookies & Chips', 'Rice Cakes', 'Cakes']",Food,Packaged Foods,Snacks
AV14LG0R-jtxr-f38QfS,Lundberg,"Food,Packaged Foods,Snacks,Crackers,Snacks, Cookies & Chips,Rice Cakes,Cakes",2017-07-25T05:16:03Z,2018-02-05T11:27:45Z,73416000391.0,"lundbergorganiccinnamontoastricecakes/b000fvzw8y,lundbergorganiccinnamontoastricecakes/b005grcqwc,073416000391,lundbergorganiccinnamontoastricecakes/b0013jlzbu,0073416000391,lundbergorganiccinnamontoastricecakes/555222704,lundberg/00574764,lundbergorganiccinnamontoastricecakes/563800996",Lundberg,574764,Lundberg Organic Cinnamon Toast Rice Cakes,2017-07-09T00:00:00.000Z,2017-09-06T04:49:31Z,2017-08-23T10:37:00.000Z,True,,100209113.0,,5,https://www.walmart.com/reviews/product/29775278,Good flavor.,Good,,,Dorothy W,73416000391,Lundberg,"['Food', 'Packaged Foods', 'Snacks', 'Crackers', 'Snacks', 'Cookies & Chips', 'Rice Cakes', 'Cakes']",Food,Packaged Foods,Snacks
AV16khLE-jtxr-f38VFn,K-Y,"Personal Care,Medicine Cabinet,Lubricant/Spermicide,Health,Sexual Wellness,Lubricants",2017-07-25T16:26:19Z,2018-02-05T11:25:51Z,67981934427.0,"kylovesensualitypleasuregel/b00u2whx8s,067981934427,0067981934427,kylovesensualitypleasuregel/553550989,kylovesensualitypleasuregel/b014gk947e,ky/067981934427",K-Y,67981934427,K-Y Love Sensuality Pleasure Gel,2016-01-06T00:00:00.000Z,2017-09-11T17:13:57Z,"2017-09-04T12:18:00.000Z,2017-08-09T02:12:00.000Z",False,False,113026909.0,,1,https://www.walmart.com/reviews/product/43383370,"I read through the reviews on here before looking in to buying one of the couples lubricants, and was ultimately disappointed that it didn't even live up to the reviews I had read. For starters, neither my boyfriend nor I could notice any sort of enhanced or 'captivating' sensation. What we did notice, however, was the messy consistency that was reminiscent of a more liquid-y vaseline. It was difficult to clean up, and was not a pleasant, especially since it lacked the 'captivating' sensation we had both been expecting. I'm disappointed that I paid as much as I did for a lube that I won't use again, when I could just use their normal personal lubricant for 1) less money and 2) less mess.",Disappointed,,,Rebecca,67981934427,K-Y,"['Personal Care', 'Medicine Cabinet', 'Lubricant/Spermicide', 'Health', 'Sexual Wellness', 'Lubricants']",Personal Care,Medicine Cabinet,Lubricant/Spermicide
AV16khLE-jtxr-f38VFn,K-Y,"Personal Care,Medicine Cabinet,Lubricant/Spermicide,Health,Sexual Wellness,Lubricants",2017-07-25T16:26:19Z,2018-02-05T11:25:51Z,67981934427.0,"kylovesensualitypleasuregel/b00u2whx8s,067981934427,0067981934427,kylovesensualitypleasuregel/553550989,kylovesensualitypleasuregel/b014gk947e,ky/067981934427",K-Y,67981934427,K-Y Love Sensuality Pleasure Gel,2016-12-21T00:00:00.000Z,2017-09-11T17:13:57Z,"2017-09-04T12:18:00.000Z,2017-08-09T02:12:00.000Z",False,False,171267657.0,,1,https://www.walmart.com/reviews/product/43383370,My husband bought this gel for us. The gel caused irritation and it felt like it was burning my skin. I wouldn't recommend this gel.,Irritation,,,Walker557,67981934427,K-Y,"['Personal Care', 'Medicine Cabinet', 'Lubricant/Spermicide', 'Health', 'Sexual Wellness', 'Lubricants']",Personal Care,Medicine Cabinet,Lubricant/Spermicide
AV16khLE-jtxr-f38VFn,K-Y,"Personal Care,Medicine Cabinet,Lubricant/Spermicide,Health,Sexual Wellness,Lubricants",2017-07-25T16:26:19Z,2018-02-05T11:25:51Z,67981934427.0,"kylovesensualitypleasuregel/b00u2whx8s,067981934427,0067981934427,kylovesensualitypleasuregel/553550989,kylovesensualitypleasuregel/b014gk947e,ky/067981934427",K-Y,67981934427,K-Y Love Sensuality Pleasure Gel,2016-04-20T00:00:00.000Z,2017-09-11T17:13:57Z,"2017-09-04T12:18:00.000Z,2017-08-09T02:12:00.000Z",False,False,149773828.0,,1,https://www.walmart.com/reviews/product/43383370,My boyfriend and I bought this to spice things up in the bedroom and we were both highly disappointed in this product. We bought this one because we absolutely love the ky yours and mine and we thought this would have a similar affect but it did absolutely nothing. Do not buy.,Not worth it,,,Samantha,67981934427,K-Y,"['Personal Care', 'Medicine Cabinet', 'Lubricant/Spermicide', 'Health', 'Sexual Wellness', 'Lubricants']",Personal Care,Medicine Cabinet,Lubricant/Spermicide
AV16khLE-jtxr-f38VFn,K-Y,"Personal Care,Medicine Cabinet,Lubricant/Spermicide,Health,Sexual Wellness,Lubricants",2017-07-25T16:26:19Z,2018-02-05T11:25:51Z,67981934427.0,"kylovesensualitypleasuregel/b00u2whx8s,067981934427,0067981934427,kylovesensualitypleasuregel/553550989,kylovesensualitypleasuregel/b014gk947e,ky/067981934427",K-Y,67981934427,K-Y Love Sensuality Pleasure Gel,2016-02-08T00:00:00.000Z,2017-09-11T17:13:57Z,"2017-09-04T12:18:00.000Z,2017-08-09T02:12:00.000Z",False,False,129088591.0,,1,https://www.walmart.com/reviews/product/43383370,Bought this earlier today and was excited to check it out. Based on the product description I was expecting something but it was just like the regular KY. We are fans of the his and hers so we just expected more and were left a little disappointed.,Disappointing,,,Raeanne,67981934427,K-Y,"['Personal Care', 'Medicine Cabinet', 'Lubricant/Spermicide', 'Health', 'Sexual Wellness', 'Lubricants']",Personal Care,Medicine Cabinet,Lubricant/Spermicide
AV16khLE-jtxr-f38VFn,K-Y,"Personal Care,Medicine Cabinet,Lubricant/Spermicide,Health,Sexual Wellness,Lubricants",2017-07-25T16:26:19Z,2018-02-05T11:25:51Z,67981934427.0,"kylovesensualitypleasuregel/b00u2whx8s,067981934427,0067981934427,kylovesensualitypleasuregel/553550989,kylovesensualitypleasuregel/b014gk947e,ky/067981934427",K-Y,67981934427,K-Y Love Sensuality Pleasure Gel,2016-02-21T00:00:00.000Z,2017-09-11T17:13:57Z,"2017-09-04T12:18:00.000Z,2017-08-09T02:12:00.000Z",False,False,131769441.0,,1,https://www.walmart.com/reviews/product/43383370,I bought this product for my husband and I to try and we were not impressed at all. There was no tingling or warming. It left us both very sticky. I have used KY products in the past (loved KY his and hers) but this one was disappointing.,Not happy at all,,,Kimmie,67981934427,K-Y,"['Personal Care', 'Medicine Cabinet', 'Lubricant/Spermicide', 'Health', 'Sexual Wellness', 'Lubricants']",Personal Care,Medicine Cabinet,Lubricant/Spermicide
AV16khLE-jtxr-f38VFn,K-Y,"Personal Care,Medicine Cabinet,Lubricant/Spermicide,Health,Sexual Wellness,Lubricants",2017-07-25T16:26:19Z,2018-02-05T11:25:51Z,67981934427.0,"kylovesensualitypleasuregel/b00u2whx8s,067981934427,0067981934427,kylovesensualitypleasuregel/553550989,kylovesensualitypleasuregel/b014gk947e,ky/067981934427",K-Y,67981934427,K-Y Love Sensuality Pleasure Gel,2016-03-28T00:00:00.000Z,2017-09-11T17:13:57Z,"2017-09-04T12:18:00.000Z,2017-08-09T02:12:00.000Z",False,False,148314686.0,,1,https://www.walmart.com/reviews/product/43383370,My husband and I bought this for some extra fun. We werevboth extremely disappointed. Especially for the price! Do not waste your money on this product. We felt nothing but a sticky mess from it.,Very disappointing,,,cassie,67981934427,K-Y,"['Personal Care', 'Medicine Cabinet', 'Lubricant/Spermicide', 'Health', 'Sexual Wellness', 'Lubricants']",Personal Care,Medicine Cabinet,Lubricant/Spermicide
AV16khLE-jtxr-f38VFn,K-Y,"Personal Care,Medicine Cabinet,Lubricant/Spermicide,Health,Sexual Wellness,Lubricants",2017-07-25T16:26:19Z,2018-02-05T11:25:51Z,67981934427.0,"kylovesensualitypleasuregel/b00u2whx8s,067981934427,0067981934427,kylovesensualitypleasuregel/553550989,kylovesensualitypleasuregel/b014gk947e,ky/067981934427",K-Y,67981934427,K-Y Love Sensuality Pleasure Gel,2016-03-21T00:00:00.000Z,2017-09-11T17:13:57Z,"2017-09-04T12:18:00.000Z,2017-08-09T02:12:00.000Z",False,False,147862051.0,,1,https://www.walmart.com/reviews/product/43383370,Got as a surprise for my husband there is nothing special about it just a lube save the money and get plain KY if you just need a lube wish I could return it for a refund,Don't buy,,,Moore222,67981934427,K-Y,"['Personal Care', 'Medicine Cabinet', 'Lubricant/Spermicide', 'Health', 'Sexual Wellness', 'Lubricants']",Personal Care,Medicine Cabinet,Lubricant/Spermicide
AV16khLE-jtxr-f38VFn,K-Y,"Personal Care,Medicine Cabinet,Lubricant/Spermicide,Health,Sexual Wellness,Lubricants",2017-07-25T16:26:19Z,2018-02-05T11:25:51Z,67981934427.0,"kylovesensualitypleasuregel/b00u2whx8s,067981934427,0067981934427,kylovesensualitypleasuregel/553550989,kylovesensualitypleasuregel/b014gk947e,ky/067981934427",K-Y,67981934427,K-Y Love Sensuality Pleasure Gel,2016-04-08T00:00:00.000Z,2017-09-11T17:13:57Z,"2017-09-04T12:18:00.000Z,2017-08-09T02:12:00.000Z",False,False,148993380.0,,1,https://www.walmart.com/reviews/product/43383370,tried it with my husband and felt no different there was no effect no change first te using ky gel not sure if i want to try any others...,pretty dissapoitned,,,jds1992,67981934427,K-Y,"['Personal Care', 'Medicine Cabinet', 'Lubricant/Spermicide', 'Health', 'Sexual Wellness', 'Lubricants']",Personal Care,Medicine Cabinet,Lubricant/Spermicide
AV16khLE-jtxr-f38VFn,K-Y,"Personal Care,Medicine Cabinet,Lubricant/Spermicide,Health,Sexual Wellness,Lubricants",2017-07-25T16:26:19Z,2018-02-05T11:25:51Z,67981934427.0,"kylovesensualitypleasuregel/b00u2whx8s,067981934427,0067981934427,kylovesensualitypleasuregel/553550989,kylovesensualitypleasuregel/b014gk947e,ky/067981934427",K-Y,67981934427,K-Y Love Sensuality Pleasure Gel,2016-04-05T00:00:00.000Z,2017-09-11T17:13:57Z,"2017-09-04T12:18:00.000Z,2017-08-09T02:12:00.000Z",False,False,148815089.0,,1,https://www.walmart.com/reviews/product/43383370,Purchased this thinking it would have some sort of warming effect but it's the same as the original. Don't waste your money.,Waste of Money,,,Bre234,67981934427,K-Y,"['Personal Care', 'Medicine Cabinet', 'Lubricant/Spermicide', 'Health', 'Sexual Wellness', 'Lubricants']",Personal Care,Medicine Cabinet,Lubricant/Spermicide
AV16khLE-jtxr-f38VFn,K-Y,"Personal Care,Medicine Cabinet,Lubricant/Spermicide,Health,Sexual Wellness,Lubricants",2017-07-25T16:26:19Z,2018-02-05T11:25:51Z,67981934427.0,"kylovesensualitypleasuregel/b00u2whx8s,067981934427,0067981934427,kylovesensualitypleasuregel/553550989,kylovesensualitypleasuregel/b014gk947e,ky/067981934427",K-Y,67981934427,K-Y Love Sensuality Pleasure Gel,2016-04-08T00:00:00.000Z,2017-09-11T17:13:57Z,"2017-09-04T12:18:00.000Z,2017-08-09T02:12:00.000Z",False,False,148993854.0,,1,https://www.walmart.com/reviews/product/43383370,"Bought this to enhance our time a bit, did abslutely nothing very disappointed especially because its almost 20!",waste of money,,,jds1992,67981934427,K-Y,"['Personal Care', 'Medicine Cabinet', 'Lubricant/Spermicide', 'Health', 'Sexual Wellness', 'Lubricants']",Personal Care,Medicine Cabinet,Lubricant/Spermicide
AV16khLE-jtxr-f38VFn,K-Y,"Personal Care,Medicine Cabinet,Lubricant/Spermicide,Health,Sexual Wellness,Lubricants",2017-07-25T16:26:19Z,2018-02-05T11:25:51Z,67981934427.0,"kylovesensualitypleasuregel/b00u2whx8s,067981934427,0067981934427,kylovesensualitypleasuregel/553550989,kylovesensualitypleasuregel/b014gk947e,ky/067981934427",K-Y,67981934427,K-Y Love Sensuality Pleasure Gel,2016-03-01T00:00:00.000Z,2017-09-11T17:13:57Z,"2017-09-04T12:18:00.000Z,2017-08-09T02:12:00.000Z",False,False,142847293.0,,1,https://www.walmart.com/reviews/product/43383370,I bought this after really liking the his n hers variety but this is nothing like that very disappointed with this product.,Not happy with this product,,,Gordy313,67981934427,K-Y,"['Personal Care', 'Medicine Cabinet', 'Lubricant/Spermicide', 'Health', 'Sexual Wellness', 'Lubricants']",Personal Care,Medicine Cabinet,Lubricant/Spermicide
AV16khLE-jtxr-f38VFn,K-Y,"Personal Care,Medicine Cabinet,Lubricant/Spermicide,Health,Sexual Wellness,Lubricants",2017-07-25T16:26:19Z,2018-02-05T11:25:51Z,67981934427.0,"kylovesensualitypleasuregel/b00u2whx8s,067981934427,0067981934427,kylovesensualitypleasuregel/553550989,kylovesensualitypleasuregel/b014gk947e,ky/067981934427",K-Y,67981934427,K-Y Love Sensuality Pleasure Gel,2016-01-09T00:00:00.000Z,2017-09-11T17:13:57Z,"2017-09-04T12:18:00.000Z,2017-08-09T02:12:00.000Z",False,False,114599277.0,,1,https://www.walmart.com/reviews/product/43383370,First time purchase of this type of product. Maybe I expected too much. Did not think there was any warming feeling at all. Left us sticky! Even after trying to was it off.,Disappointed,,,Nicole,67981934427,K-Y,"['Personal Care', 'Medicine Cabinet', 'Lubricant/Spermicide', 'Health', 'Sexual Wellness', 'Lubricants']",Personal Care,Medicine Cabinet,Lubricant/Spermicide
AV16khLE-jtxr-f38VFn,K-Y,"Personal Care,Medicine Cabinet,Lubricant/Spermicide,Health,Sexual Wellness,Lubricants",2017-07-25T16:26:19Z,2018-02-05T11:25:51Z,67981934427.0,"kylovesensualitypleasuregel/b00u2whx8s,067981934427,0067981934427,kylovesensualitypleasuregel/553550989,kylovesensualitypleasuregel/b014gk947e,ky/067981934427",K-Y,67981934427,K-Y Love Sensuality Pleasure Gel,2016-01-06T00:00:00.000Z,2017-09-11T17:13:57Z,"2017-09-04T12:18:00.000Z,2017-08-09T02:12:00.000Z",False,False,113144826.0,,1,https://www.walmart.com/reviews/product/43383370,I bought this and tried this with my wife but we did not enjoy it ..we did not feel anything enhancement with this product at all such as the his-her product.,Not what I expected,,,Cvperez,67981934427,K-Y,"['Personal Care', 'Medicine Cabinet', 'Lubricant/Spermicide', 'Health', 'Sexual Wellness', 'Lubricants']",Personal Care,Medicine Cabinet,Lubricant/Spermicide
AV16khLE-jtxr-f38VFn,K-Y,"Personal Care,Medicine Cabinet,Lubricant/Spermicide,Health,Sexual Wellness,Lubricants",2017-07-25T16:26:19Z,2018-02-05T11:25:51Z,67981934427.0,"kylovesensualitypleasuregel/b00u2whx8s,067981934427,0067981934427,kylovesensualitypleasuregel/553550989,kylovesensualitypleasuregel/b014gk947e,ky/067981934427",K-Y,67981934427,K-Y Love Sensuality Pleasure Gel,2016-01-29T00:00:00.000Z,2017-09-11T17:13:57Z,"2017-09-04T12:18:00.000Z,2017-08-09T02:12:00.000Z",False,,125706450.0,,1,https://www.walmart.com/reviews/product/43383370?limit=20&sort=relevancy&page=2,I bought this product to spice things up with my fianc and it didn't do anything! No passion. Will not buy again,Was so disappointed!!,,,Beccagrl532,67981934427,K-Y,"['Personal Care', 'Medicine Cabinet', 'Lubricant/Spermicide', 'Health', 'Sexual Wellness', 'Lubricants']",Personal Care,Medicine Cabinet,Lubricant/Spermicide
AV16khLE-jtxr-f38VFn,K-Y,"Personal Care,Medicine Cabinet,Lubricant/Spermicide,Health,Sexual Wellness,Lubricants",2017-07-25T16:26:19Z,2018-02-05T11:25:51Z,67981934427.0,"kylovesensualitypleasuregel/b00u2whx8s,067981934427,0067981934427,kylovesensualitypleasuregel/553550989,kylovesensualitypleasuregel/b014gk947e,ky/067981934427",K-Y,67981934427,K-Y Love Sensuality Pleasure Gel,2016-01-16T00:00:00.000Z,2017-09-11T17:13:57Z,"2017-09-04T12:18:00.000Z,2017-08-09T02:12:00.000Z",False,False,117008196.0,,1,https://www.walmart.com/reviews/product/43383370?limit=20&sort=relevancy&page=2,"I bought this to try to spice things up, but I felt nothing. Very disappointing to be honest.",very disappointed!,,,sanchez,67981934427,K-Y,"['Personal Care', 'Medicine Cabinet', 'Lubricant/Spermicide', 'Health', 'Sexual Wellness', 'Lubricants']",Personal Care,Medicine Cabinet,Lubricant/Spermicide
AV16khLE-jtxr-f38VFn,K-Y,"Personal Care,Medicine Cabinet,Lubricant/Spermicide,Health,Sexual Wellness,Lubricants",2017-07-25T16:26:19Z,2018-02-05T11:25:51Z,67981934427.0,"kylovesensualitypleasuregel/b00u2whx8s,067981934427,0067981934427,kylovesensualitypleasuregel/553550989,kylovesensualitypleasuregel/b014gk947e,ky/067981934427",K-Y,67981934427,K-Y Love Sensuality Pleasure Gel,2016-01-01T00:00:00.000Z,2017-09-11T17:13:57Z,"2017-09-04T12:18:00.000Z,2017-08-09T02:12:00.000Z",True,True,112558983.0,,3,https://www.walmart.com/reviews/product/43383370,"I bought this because it had better reviews than the his and hers jelly, but I feel like it didn't work that well for us. It was kind of warm-feeling, but that's about it. I guess I don't know what's supposed to happen! Lol",Pretty nice,,,LL24,67981934427,K-Y,"['Personal Care', 'Medicine Cabinet', 'Lubricant/Spermicide', 'Health', 'Sexual Wellness', 'Lubricants']",Personal Care,Medicine Cabinet,Lubricant/Spermicide
AV16khLE-jtxr-f38VFn,K-Y,"Personal Care,Medicine Cabinet,Lubricant/Spermicide,Health,Sexual Wellness,Lubricants",2017-07-25T16:26:19Z,2018-02-05T11:25:51Z,67981934427.0,"kylovesensualitypleasuregel/b00u2whx8s,067981934427,0067981934427,kylovesensualitypleasuregel/553550989,kylovesensualitypleasuregel/b014gk947e,ky/067981934427",K-Y,67981934427,K-Y Love Sensuality Pleasure Gel,2016-01-07T00:00:00.000Z,2017-09-11T17:13:57Z,"2017-09-04T12:18:00.000Z,2017-08-09T02:12:00.000Z",False,False,113642710.0,,3,https://www.walmart.com/reviews/product/43383370,It was my first time using k-y. It didn't do anything in my opinion it felt like every time we did anything. Then again was my first time so probably did Somthing wrong.,First time using,,,Browns fan,67981934427,K-Y,"['Personal Care', 'Medicine Cabinet', 'Lubricant/Spermicide', 'Health', 'Sexual Wellness', 'Lubricants']",Personal Care,Medicine Cabinet,Lubricant/Spermicide
AV16khLE-jtxr-f38VFn,K-Y,"Personal Care,Medicine Cabinet,Lubricant/Spermicide,Health,Sexual Wellness,Lubricants",2017-07-25T16:26:19Z,2018-02-05T11:25:51Z,67981934427.0,"kylovesensualitypleasuregel/b00u2whx8s,067981934427,0067981934427,kylovesensualitypleasuregel/553550989,kylovesensualitypleasuregel/b014gk947e,ky/067981934427",K-Y,67981934427,K-Y Love Sensuality Pleasure Gel,2016-05-12T00:00:00.000Z,2017-09-11T17:13:57Z,"2017-09-04T12:18:00.000Z,2017-08-09T02:12:00.000Z",False,True,151057764.0,,4,https://www.walmart.com/reviews/product/43383370,"I noticed this product on clearance at a store I shop frequently and decided to give it a try. My husband and I LOVE it! We went back and bought every box left! I, like others have mentioned, am not sure what it is supposed to do other than be a lubricant but for that purpose we like it much better than regular KY Jelly (which tends to dry out and disappear for us). This product stays on for awhile and makes for a very pleasurable experience. The only drawback is that we find it to be a bit sticky. After applying it with your hands you're left with a sticky hand and I agree a little goes a long way! I personally have to be very careful with all products due to skin irritation and surprisingly this actually seems to help that. I did NOT receive a sample and never have.",We love it!,,,Just Faith everyday,67981934427,K-Y,"['Personal Care', 'Medicine Cabinet', 'Lubricant/Spermicide', 'Health', 'Sexual Wellness', 'Lubricants']",Personal Care,Medicine Cabinet,Lubricant/Spermicide
AV16khLE-jtxr-f38VFn,K-Y,"Personal Care,Medicine Cabinet,Lubricant/Spermicide,Health,Sexual Wellness,Lubricants",2017-07-25T16:26:19Z,2018-02-05T11:25:51Z,67981934427.0,"kylovesensualitypleasuregel/b00u2whx8s,067981934427,0067981934427,kylovesensualitypleasuregel/553550989,kylovesensualitypleasuregel/b014gk947e,ky/067981934427",K-Y,67981934427,K-Y Love Sensuality Pleasure Gel,2015-11-04T00:00:00.000Z,2017-09-11T17:13:57Z,"2017-09-04T12:18:00.000Z,2017-08-09T02:12:00.000Z",False,True,108031311.0,,4,https://www.walmart.com/reviews/product/43383370?limit=20&sort=relevancy&page=2,I used this product a couple of times since i recived it free to try and it has been a good experiance it feel warm so its a pretty good sensation so i recomend.,good times,,,vero,67981934427,K-Y,"['Personal Care', 'Medicine Cabinet', 'Lubricant/Spermicide', 'Health', 'Sexual Wellness', 'Lubricants']",Personal Care,Medicine Cabinet,Lubricant/Spermicide
AV16khLE-jtxr-f38VFn,K-Y,"Personal Care,Medicine Cabinet,Lubricant/Spermicide,Health,Sexual Wellness,Lubricants",2017-07-25T16:26:19Z,2018-02-05T11:25:51Z,67981934427.0,"kylovesensualitypleasuregel/b00u2whx8s,067981934427,0067981934427,kylovesensualitypleasuregel/553550989,kylovesensualitypleasuregel/b014gk947e,ky/067981934427",K-Y,67981934427,K-Y Love Sensuality Pleasure Gel,2016-01-07T00:00:00.000Z,2017-09-11T17:13:57Z,"2017-09-04T12:18:00.000Z,2017-08-09T02:12:00.000Z",False,True,113572179.0,,4,https://www.walmart.com/reviews/product/43383370?limit=20&sort=relevancy&page=2,"Used a few times stays a bit sticky but not too bad, better than most products",Does the job,,,Jo276,67981934427,K-Y,"['Personal Care', 'Medicine Cabinet', 'Lubricant/Spermicide', 'Health', 'Sexual Wellness', 'Lubricants']",Personal Care,Medicine Cabinet,Lubricant/Spermicide
AV16khLE-jtxr-f38VFn,K-Y,"Personal Care,Medicine Cabinet,Lubricant/Spermicide,Health,Sexual Wellness,Lubricants",2017-07-25T16:26:19Z,2018-02-05T11:25:51Z,67981934427.0,"kylovesensualitypleasuregel/b00u2whx8s,067981934427,0067981934427,kylovesensualitypleasuregel/553550989,kylovesensualitypleasuregel/b014gk947e,ky/067981934427",K-Y,67981934427,K-Y Love Sensuality Pleasure Gel,2017-08-15T00:00:00.000Z,2017-09-11T17:13:57Z,2017-09-04T12:18:00.000Z,True,,103915758.0,,5,https://www.walmart.com/reviews/product/43383370,Loved This review was collected as part of a promotion.,Loved,,,Ashley A,67981934427,K-Y,"['Personal Care', 'Medicine Cabinet', 'Lubricant/Spermicide', 'Health', 'Sexual Wellness', 'Lubricants']",Personal Care,Medicine Cabinet,Lubricant/Spermicide
AV16khLE-jtxr-f38VFn,K-Y,"Personal Care,Medicine Cabinet,Lubricant/Spermicide,Health,Sexual Wellness,Lubricants",2017-07-25T16:26:19Z,2018-02-05T11:25:51Z,67981934427.0,"kylovesensualitypleasuregel/b00u2whx8s,067981934427,0067981934427,kylovesensualitypleasuregel/553550989,kylovesensualitypleasuregel/b014gk947e,ky/067981934427",K-Y,67981934427,K-Y Love Sensuality Pleasure Gel,2016-11-26T00:00:00.000Z,2017-09-11T17:13:57Z,"2017-09-04T12:18:00.000Z,2017-08-09T02:12:00.000Z",True,True,169669810.0,,5,https://www.walmart.com/reviews/product/43383370,This is a good product. Will give you a great feeling.,Great sensation,,,Jp71,67981934427,K-Y,"['Personal Care', 'Medicine Cabinet', 'Lubricant/Spermicide', 'Health', 'Sexual Wellness', 'Lubricants']",Personal Care,Medicine Cabinet,Lubricant/Spermicide
AV16khLE-jtxr-f38VFn,K-Y,"Personal Care,Medicine Cabinet,Lubricant/Spermicide,Health,Sexual Wellness,Lubricants",2017-07-25T16:26:19Z,2018-02-05T11:25:51Z,67981934427.0,"kylovesensualitypleasuregel/b00u2whx8s,067981934427,0067981934427,kylovesensualitypleasuregel/553550989,kylovesensualitypleasuregel/b014gk947e,ky/067981934427",K-Y,67981934427,K-Y Love Sensuality Pleasure Gel,2015-11-05T00:00:00.000Z,2017-09-11T17:13:57Z,"2017-09-04T12:18:00.000Z,2017-08-09T02:12:00.000Z",False,True,108110922.0,,5,https://www.walmart.com/reviews/product/43383370,"I really enjoyed using this product with my husband. After 20+ years of marriage, things can tend to get a little tired and boring. This was just the thing we needed to shake things up a bit. The packaging and pump dispenser is awesome. The product itself does not disappoint. A little goes a very long way. It provides a slight warming sensation when in use and does not become sticky or tacky in anyway. This is an excellent choice for an intimate lubricant. I received a free product for the purpose of my review. Opinions are 100 my own.",That little extra something..,,,Jkell,67981934427,K-Y,"['Personal Care', 'Medicine Cabinet', 'Lubricant/Spermicide', 'Health', 'Sexual Wellness', 'Lubricants']",Personal Care,Medicine Cabinet,Lubricant/Spermicide
AV16khLE-jtxr-f38VFn,K-Y,"Personal Care,Medicine Cabinet,Lubricant/Spermicide,Health,Sexual Wellness,Lubricants",2017-07-25T16:26:19Z,2018-02-05T11:25:51Z,67981934427.0,"kylovesensualitypleasuregel/b00u2whx8s,067981934427,0067981934427,kylovesensualitypleasuregel/553550989,kylovesensualitypleasuregel/b014gk947e,ky/067981934427",K-Y,67981934427,K-Y Love Sensuality Pleasure Gel,2015-11-04T00:00:00.000Z,2017-09-11T17:13:57Z,"2017-09-04T12:18:00.000Z,2017-08-09T02:12:00.000Z",False,True,108032208.0,,5,https://www.walmart.com/reviews/product/43383370,Awesome Product for couples. It is a warm feeling lubricant and not sticky like a lot of other lubricants.It is very easy to clean up after use.I will absolutely be purchasing more in the future. I received this product free for the purpose to give my review..Opinions are 100 my own!,Great Product!,,,Karen,67981934427,K-Y,"['Personal Care', 'Medicine Cabinet', 'Lubricant/Spermicide', 'Health', 'Sexual Wellness', 'Lubricants']",Personal Care,Medicine Cabinet,Lubricant/Spermicide
AV16khLE-jtxr-f38VFn,K-Y,"Personal Care,Medicine Cabinet,Lubricant/Spermicide,Health,Sexual Wellness,Lubricants",2017-07-25T16:26:19Z,2018-02-05T11:25:51Z,67981934427.0,"kylovesensualitypleasuregel/b00u2whx8s,067981934427,0067981934427,kylovesensualitypleasuregel/553550989,kylovesensualitypleasuregel/b014gk947e,ky/067981934427",K-Y,67981934427,K-Y Love Sensuality Pleasure Gel,2015-12-05T00:00:00.000Z,2017-09-11T17:13:57Z,"2017-09-04T12:18:00.000Z,2017-08-09T02:12:00.000Z",False,True,110412526.0,,5,"https://www.walmart.com/reviews/product/43383370?limit=20&sort=relevancy&page=2,https://www.walmart.com/reviews/product/43383370","Exceptional product, this is smooth, not slimy and the warming sensation is an experience that both partners should share at least once in their lifetime. Great way to shake things up!",Why wouldn't you try it,,,Warren,67981934427,K-Y,"['Personal Care', 'Medicine Cabinet', 'Lubricant/Spermicide', 'Health', 'Sexual Wellness', 'Lubricants']",Personal Care,Medicine Cabinet,Lubricant/Spermicide
AV16khLE-jtxr-f38VFn,K-Y,"Personal Care,Medicine Cabinet,Lubricant/Spermicide,Health,Sexual Wellness,Lubricants",2017-07-25T16:26:19Z,2018-02-05T11:25:51Z,67981934427.0,"kylovesensualitypleasuregel/b00u2whx8s,067981934427,0067981934427,kylovesensualitypleasuregel/553550989,kylovesensualitypleasuregel/b014gk947e,ky/067981934427",K-Y,67981934427,K-Y Love Sensuality Pleasure Gel,2015-12-01T00:00:00.000Z,2017-09-11T17:13:57Z,"2017-09-04T12:18:00.000Z,2017-08-09T02:12:00.000Z",False,True,110143029.0,,5,https://www.walmart.com/reviews/product/43383370?limit=20&sort=relevancy&page=2,I used this for the first time with my boyfriend and he loved it just as much as I did. Didn't get sticky and felt great the entire time.,Amazing!,,,Mas0814,67981934427,K-Y,"['Personal Care', 'Medicine Cabinet', 'Lubricant/Spermicide', 'Health', 'Sexual Wellness', 'Lubricants']",Personal Care,Medicine Cabinet,Lubricant/Spermicide
AV16khLE-jtxr-f38VFn,K-Y,"Personal Care,Medicine Cabinet,Lubricant/Spermicide,Health,Sexual Wellness,Lubricants",2017-07-25T16:26:19Z,2018-02-05T11:25:51Z,67981934427.0,"kylovesensualitypleasuregel/b00u2whx8s,067981934427,0067981934427,kylovesensualitypleasuregel/553550989,kylovesensualitypleasuregel/b014gk947e,ky/067981934427",K-Y,67981934427,K-Y Love Sensuality Pleasure Gel,2015-12-24T00:00:00.000Z,2017-09-11T17:13:57Z,"2017-09-04T12:18:00.000Z,2017-08-09T02:12:00.000Z",False,True,111624906.0,,5,https://www.walmart.com/reviews/product/43383370?limit=20&sort=relevancy&page=2,Great product! Exactly what it says works very well,Amazing,,,Amanda,67981934427,K-Y,"['Personal Care', 'Medicine Cabinet', 'Lubricant/Spermicide', 'Health', 'Sexual Wellness', 'Lubricants']",Personal Care,Medicine Cabinet,Lubricant/Spermicide
AV1d76w7vKc47QAVhCqn,J.R. Watkins,"Personal Care,Skin Care,Hand Cream,Beauty,Body Lotions & Creams,Natural Beauty,Natural Personal Care,Natural Skin Care,Ways To Shop,Bath & Body,Hand Creams & Lotions",2017-07-20T02:59:34Z,2018-02-05T11:26:00Z,818570000000.0,"818570002542,jrwatkinshandcreamlemoncream/b0010epq36,jrwatkins/10749589,jrwatkinsnaturalsapothecarysheabutterhandcreamlemoncream33oz/554918939,jrwatkins/40509,jrwatkinsnaturalhandcreamlemoncream33ounce/b0010epq36,0818570002542",J.R. Watkins,10749589,"J.R. Watkins Hand Cream, Lemon Cream",2011-01-30T00:55:26.000Z,2018-01-28T08:42:45Z,"2018-01-20T13:08:00.000Z,2018-01-09T09:07:00.000Z,2017-12-14T19:05:00.000Z,2017-12-19T14:11:00.000Z,2017-12-05T18:16:00.000Z,2017-10-23T08:12:00.000Z,2017-10-24T10:13:00.000Z,2017-08-29T08:25:25.921Z,2017-08-21T06:02:21.644Z,2017-08-17T05:40:20.537Z,2017-08-19T06:06:33.990Z,2017-08-07T05:05:29.314Z,2017-08-15T06:29:12.749Z,2017-08-05T09:28:57.837Z,2017-07-22T04:32:48.713Z,2017-07-23T19:50:30.158Z,2017-07-25T04:56:53.377Z",,,,1.0,5,https://redsky.target.com/groot-domain-api/v1/reviews/10749589?sort=helpfulness_desc&limit=200&offset=0,"yes, the scent is the best. if you like lemon frosting you won't be able to get enough of this lotion. but also, it's almost 100 natural, none of the yucky ingredients like in major brands of lotion. no mineral oil, no petroleum, etc. but also, it completely works. you know how sometimes you opt for organic choices and it's good, but not as good as popular but nastier brands jr watkins delivers. this lotion softens your hands and body, leaves you ungreasy and smells perfect. even my fiance likes it and uses it and he's pretty much anti-lotion in all regards. the price is absolutely right, too--get it!",Yummilicious And...,,,Peach Pie,8.1857E+11,J.R. Watkins,"['Personal Care', 'Skin Care', 'Hand Cream', 'Beauty', 'Body Lotions & Creams', 'Natural Beauty', 'Natural Personal Care', 'Natural Skin Care', 'Ways To Shop', 'Bath & Body', 'Hand Creams & Lotions']",Personal Care,Skin Care,Hand Cream
AV1d76w7vKc47QAVhCqn,J.R. Watkins,"Personal Care,Skin Care,Hand Cream,Beauty,Body Lotions & Creams,Natural Beauty,Natural Personal Care,Natural Skin Care,Ways To Shop,Bath & Body,Hand Creams & Lotions",2017-07-20T02:59:34Z,2018-02-05T11:26:00Z,818570000000.0,"818570002542,jrwatkinshandcreamlemoncream/b0010epq36,jrwatkins/10749589,jrwatkinsnaturalsapothecarysheabutterhandcreamlemoncream33oz/554918939,jrwatkins/40509,jrwatkinsnaturalhandcreamlemoncream33ounce/b0010epq36,0818570002542",J.R. Watkins,10749589,"J.R. Watkins Hand Cream, Lemon Cream",2017-06-08T00:00:00.000Z,2017-09-02T09:39:49Z,"2017-08-23T18:25:43.476Z,2017-07-27T18:22:50.158Z",True,True,96928531.0,,5,https://www.walmart.com/reviews/product/27505658,"The Hand-Cream-Lemon-Cream has such a refreshing fragrance. I wish it would last all day. It is soothing to the hands and I get compliments when I use it especially from my daughters and granddaughters, they want me to get some for them It is one of my favorite hand creams. I wish Watkins still had the vanilla body cream that too was a favorite.",One of my favorites,,,Birdwoman,8.1857E+11,J.R. Watkins,"['Personal Care', 'Skin Care', 'Hand Cream', 'Beauty', 'Body Lotions & Creams', 'Natural Beauty', 'Natural Personal Care', 'Natural Skin Care', 'Ways To Shop', 'Bath & Body', 'Hand Creams & Lotions']",Personal Care,Skin Care,Hand Cream
AV1d76w7vKc47QAVhCqn,J.R. Watkins,"Personal Care,Skin Care,Hand Cream,Beauty,Body Lotions & Creams,Natural Beauty,Natural Personal Care,Natural Skin Care,Ways To Shop,Bath & Body,Hand Creams & Lotions",2017-07-20T02:59:34Z,2018-02-05T11:26:00Z,818570000000.0,"818570002542,jrwatkinshandcreamlemoncream/b0010epq36,jrwatkins/10749589,jrwatkinsnaturalsapothecarysheabutterhandcreamlemoncream33oz/554918939,jrwatkins/40509,jrwatkinsnaturalhandcreamlemoncream33ounce/b0010epq36,0818570002542",J.R. Watkins,10749589,"J.R. Watkins Hand Cream, Lemon Cream",2017-06-18T00:00:00.000Z,2017-09-02T09:39:49Z,"2017-08-23T18:25:43.476Z,2017-07-27T18:22:50.158Z",True,True,97794859.0,,5,https://www.walmart.com/reviews/product/27505658,Smells like a lemon cookie. Absolutely love!!! My kids love it.,Hand cream,,,Michelle,8.1857E+11,J.R. Watkins,"['Personal Care', 'Skin Care', 'Hand Cream', 'Beauty', 'Body Lotions & Creams', 'Natural Beauty', 'Natural Personal Care', 'Natural Skin Care', 'Ways To Shop', 'Bath & Body', 'Hand Creams & Lotions']",Personal Care,Skin Care,Hand Cream
AV1d76w7vKc47QAVhCqn,J.R. Watkins,"Personal Care,Skin Care,Hand Cream,Beauty,Body Lotions & Creams,Natural Beauty,Natural Personal Care,Natural Skin Care,Ways To Shop,Bath & Body,Hand Creams & Lotions",2017-07-20T02:59:34Z,2018-02-05T11:26:00Z,818570000000.0,"818570002542,jrwatkinshandcreamlemoncream/b0010epq36,jrwatkins/10749589,jrwatkinsnaturalsapothecarysheabutterhandcreamlemoncream33oz/554918939,jrwatkins/40509,jrwatkinsnaturalhandcreamlemoncream33ounce/b0010epq36,0818570002542",J.R. Watkins,10749589,"J.R. Watkins Hand Cream, Lemon Cream",2017-06-12T00:00:00.000Z,2017-09-02T09:39:49Z,"2017-08-23T18:25:43.476Z,2017-07-27T18:22:50.158Z",True,True,97319294.0,,5,https://www.walmart.com/reviews/product/27505658,You will LOVE this lotion. I smile every time I put it on.,If you like lemon frosting,,,Jean Z,8.1857E+11,J.R. Watkins,"['Personal Care', 'Skin Care', 'Hand Cream', 'Beauty', 'Body Lotions & Creams', 'Natural Beauty', 'Natural Personal Care', 'Natural Skin Care', 'Ways To Shop', 'Bath & Body', 'Hand Creams & Lotions']",Personal Care,Skin Care,Hand Cream
AV1d76w7vKc47QAVhCqn,J.R. Watkins,"Personal Care,Skin Care,Hand Cream,Beauty,Body Lotions & Creams,Natural Beauty,Natural Personal Care,Natural Skin Care,Ways To Shop,Bath & Body,Hand Creams & Lotions",2017-07-20T02:59:34Z,2018-02-05T11:26:00Z,818570000000.0,"818570002542,jrwatkinshandcreamlemoncream/b0010epq36,jrwatkins/10749589,jrwatkinsnaturalsapothecarysheabutterhandcreamlemoncream33oz/554918939,jrwatkins/40509,jrwatkinsnaturalhandcreamlemoncream33ounce/b0010epq36,0818570002542",J.R. Watkins,10749589,"J.R. Watkins Hand Cream, Lemon Cream",2017-06-08T00:00:00.000Z,2017-09-02T09:39:49Z,"2017-08-23T18:25:43.476Z,2017-07-27T18:22:50.158Z",True,True,96929734.0,,5,https://www.walmart.com/reviews/product/27505658,This hand cream is so nice that I had it on my desk at work and someone stole it after just two days! Broke my heart a little,Someone stole it!,,,vanessa mcnally,8.1857E+11,J.R. Watkins,"['Personal Care', 'Skin Care', 'Hand Cream', 'Beauty', 'Body Lotions & Creams', 'Natural Beauty', 'Natural Personal Care', 'Natural Skin Care', 'Ways To Shop', 'Bath & Body', 'Hand Creams & Lotions']",Personal Care,Skin Care,Hand Cream
AV1d76w7vKc47QAVhCqn,J.R. Watkins,"Personal Care,Skin Care,Hand Cream,Beauty,Body Lotions & Creams,Natural Beauty,Natural Personal Care,Natural Skin Care,Ways To Shop,Bath & Body,Hand Creams & Lotions",2017-07-20T02:59:34Z,2018-02-05T11:26:00Z,818570000000.0,"818570002542,jrwatkinshandcreamlemoncream/b0010epq36,jrwatkins/10749589,jrwatkinsnaturalsapothecarysheabutterhandcreamlemoncream33oz/554918939,jrwatkins/40509,jrwatkinsnaturalhandcreamlemoncream33ounce/b0010epq36,0818570002542",J.R. Watkins,10749589,"J.R. Watkins Hand Cream, Lemon Cream",2016-07-28T00:00:00.000Z,2017-09-02T09:39:49Z,"2017-08-23T18:25:43.476Z,2017-07-27T18:22:50.158Z",True,True,95993821.0,0.0,5,https://www.walmart.com/reviews/product/27505658,"I love this lotion. Nice and thick, great fragrance. I use it on my hands and my feet.",Thick and works!,,,5alarm,8.1857E+11,J.R. Watkins,"['Personal Care', 'Skin Care', 'Hand Cream', 'Beauty', 'Body Lotions & Creams', 'Natural Beauty', 'Natural Personal Care', 'Natural Skin Care', 'Ways To Shop', 'Bath & Body', 'Hand Creams & Lotions']",Personal Care,Skin Care,Hand Cream
AV1h6gSl-jtxr-f31p40,AMBI,"Personal Care,Bath, Shower & Soap,Featured Brands,Health & Beauty,Johnson & Johnson,Bath & Body,Body Wash & Cleansers,Beauty,Skin Care,Facial Cleansers,Soaps",2017-07-20T21:31:52Z,2018-02-05T11:26:58Z,301875000000.0,"031600082004,301875481353,ambicomplexioncleansingbar/b00hv08eqy,ambi/13534122,ambi/30187548135,ambiskincarecomplexioncleansingbar35oz/551896839,ambicomplexioncleansingbar35oz/551896839,0301875481353,ambicomplexioncleansingbar35oz/b00hv08eqy,ambicomplexioncleansingbar35oz/b004aieake,fleming/13534122",FLEMING & CO,13534122,Ambi Complexion Cleansing Bar,2017-02-18T00:00:00.000Z,2017-09-20T07:32:52Z,"2017-09-04T07:04:00.000Z,2017-08-07T17:51:00.000Z",True,True,130294280.0,3.0,4,https://www.walmart.com/reviews/product/36770953,Not sure how this works with clearing your complexion (been using for 2 weeks now) but does keep your skin smooth and clean.,Ok so far,,,Danielle,"31,600,082,004,301,800,000,000",Ambi,"['Personal Care', 'Bath', 'Shower & Soap', 'Featured Brands', 'Health & Beauty', 'Johnson & Johnson', 'Bath & Body', 'Body Wash & Cleansers', 'Beauty', 'Skin Care', 'Facial Cleansers', 'Soaps']",Personal Care,Bath,Shower & Soap
AV1h6gSl-jtxr-f31p40,AMBI,"Personal Care,Bath, Shower & Soap,Featured Brands,Health & Beauty,Johnson & Johnson,Bath & Body,Body Wash & Cleansers,Beauty,Skin Care,Facial Cleansers,Soaps",2017-07-20T21:31:52Z,2018-02-05T11:26:58Z,301875000000.0,"031600082004,301875481353,ambicomplexioncleansingbar/b00hv08eqy,ambi/13534122,ambi/30187548135,ambiskincarecomplexioncleansingbar35oz/551896839,ambicomplexioncleansingbar35oz/551896839,0301875481353,ambicomplexioncleansingbar35oz/b00hv08eqy,ambicomplexioncleansingbar35oz/b004aieake,fleming/13534122",FLEMING & CO,13534122,Ambi Complexion Cleansing Bar,2016-02-28T05:15:56.000Z,2018-02-04T12:20:11Z,"2018-01-21T03:23:00.000Z,2018-01-10T19:31:00.000Z,2017-12-20T09:18:00.000Z,2017-12-15T20:13:00.000Z,2017-12-07T06:59:00.000Z,2017-11-19T03:31:00.000Z,2017-10-23T08:14:00.000Z,2017-10-24T10:08:00.000Z,2017-09-29T12:40:00.000Z,2017-08-31T05:46:00.000Z,2017-08-29T19:16:00.000Z,2017-08-19T07:04:00.000Z,2017-08-18T10:36:00.000Z,2017-08-05T09:26:00.000Z,2017-07-25T05:16:00.000Z,2017-07-24T05:43:00.000Z",,True,,1.0,5,https://redsky.target.com/groot-domain-api/v1/reviews/13534122?sort=helpfulness_desc&limit=200&offset=0,Makes my skin feel clean and not super dry where its ashy if i dont follow with a moisturiser as soon as im done. The skin doesnt feel oily or tacky. Makes my skin more radiant and use of foundation and concealer is not needed to make the skin look even and hydrated.,Still Works,,,Shedove,"31,600,082,004,301,800,000,000",Ambi,"['Personal Care', 'Bath', 'Shower & Soap', 'Featured Brands', 'Health & Beauty', 'Johnson & Johnson', 'Bath & Body', 'Body Wash & Cleansers', 'Beauty', 'Skin Care', 'Facial Cleansers', 'Soaps']",Personal Care,Bath,Shower & Soap
AV1h6gSl-jtxr-f31p40,AMBI,"Personal Care,Bath, Shower & Soap,Featured Brands,Health & Beauty,Johnson & Johnson,Bath & Body,Body Wash & Cleansers,Beauty,Skin Care,Facial Cleansers,Soaps",2017-07-20T21:31:52Z,2018-02-05T11:26:58Z,301875000000.0,"031600082004,301875481353,ambicomplexioncleansingbar/b00hv08eqy,ambi/13534122,ambi/30187548135,ambiskincarecomplexioncleansingbar35oz/551896839,ambicomplexioncleansingbar35oz/551896839,0301875481353,ambicomplexioncleansingbar35oz/b00hv08eqy,ambicomplexioncleansingbar35oz/b004aieake,fleming/13534122",FLEMING & CO,13534122,Ambi Complexion Cleansing Bar,2016-09-11T00:00:00.000Z,2017-09-20T07:32:52Z,"2017-09-04T07:04:00.000Z,2017-08-07T17:51:00.000Z",True,True,103229097.0,6.0,5,https://www.walmart.com/reviews/product/36770953,It makes my face feel nice and fresh. After about 3 days i did get slight acne but it cleared right back up! Will deff use this every day from now on!,Ambi Skincare,,,CynthiaCC,"31,600,082,004,301,800,000,000",Ambi,"['Personal Care', 'Bath', 'Shower & Soap', 'Featured Brands', 'Health & Beauty', 'Johnson & Johnson', 'Bath & Body', 'Body Wash & Cleansers', 'Beauty', 'Skin Care', 'Facial Cleansers', 'Soaps']",Personal Care,Bath,Shower & Soap
AV1h6gSl-jtxr-f31p40,AMBI,"Personal Care,Bath, Shower & Soap,Featured Brands,Health & Beauty,Johnson & Johnson,Bath & Body,Body Wash & Cleansers,Beauty,Skin Care,Facial Cleansers,Soaps",2017-07-20T21:31:52Z,2018-02-05T11:26:58Z,301875000000.0,"031600082004,301875481353,ambicomplexioncleansingbar/b00hv08eqy,ambi/13534122,ambi/30187548135,ambiskincarecomplexioncleansingbar35oz/551896839,ambicomplexioncleansingbar35oz/551896839,0301875481353,ambicomplexioncleansingbar35oz/b00hv08eqy,ambicomplexioncleansingbar35oz/b004aieake,fleming/13534122",FLEMING & CO,13534122,Ambi Complexion Cleansing Bar,2017-03-18T00:00:00.000Z,2017-09-20T07:32:52Z,"2017-09-04T07:04:00.000Z,2017-08-07T17:51:00.000Z",True,True,135288024.0,1.0,5,https://www.walmart.com/reviews/product/36770953,"I have used this soap for years and considered it Wal-Mart's best kept secret. I was so disappointed when they stopped carrying it in our store location. Was delighted to see I could get it online it ended up a blessing. I don't go to Wal-Mart as often so I'm saving money there (Sorry Walmart), delivery was prompt, I stockpiled and never left the house.",Ambi soap,,,dfwatheartgirl,"31,600,082,004,301,800,000,000",Ambi,"['Personal Care', 'Bath', 'Shower & Soap', 'Featured Brands', 'Health & Beauty', 'Johnson & Johnson', 'Bath & Body', 'Body Wash & Cleansers', 'Beauty', 'Skin Care', 'Facial Cleansers', 'Soaps']",Personal Care,Bath,Shower & Soap
AV1h6Gu0glJLPUi8IjA_,Johnson's,"Personal Care,Baby Care,Baby Bubble Bath,Baby,Bath & Potty,Toiletries,Bubble Bath,Baby Bath,Bath & Body,Body Wash & Cleansers",2017-07-20T21:30:08Z,2018-02-05T11:30:05Z,381371000000.0,"johnsonsbabybubblebathwash15oz/b00572z3z8,381371021253,johnsonsbabybubblebathwash15oz/002609841,johnsonsbabybubblebathwash15oz/b0029epw3k,johnsons/13682029,0381371021253",Johnson's,13682029,"Johnson's Baby Bubble Bath and Wash, 15oz",2016-12-02T00:00:00.000Z,2017-08-07T17:31:31Z,"2017-08-05T05:32:00.000Z,2017-08-02T09:06:00.000Z",True,False,113517695.0,0.0,1,https://www.walmart.com/reviews/product/16940619,I WON'T recommend this product to anyone,It has a nasty smell that would get anyone sick,,,crissyx5,3.81371E+11,Johnson'S,"['Personal Care', 'Baby Care', 'Baby Bubble Bath', 'Baby', 'Bath & Potty', 'Toiletries', 'Bubble Bath', 'Baby Bath', 'Bath & Body', 'Body Wash & Cleansers']",Personal Care,Baby Care,Baby Bubble Bath
AV1h6Gu0glJLPUi8IjA_,Johnson's,"Personal Care,Baby Care,Baby Bubble Bath,Baby,Bath & Potty,Toiletries,Bubble Bath,Baby Bath,Bath & Body,Body Wash & Cleansers",2017-07-20T21:30:08Z,2018-02-05T11:30:05Z,381371000000.0,"johnsonsbabybubblebathwash15oz/b00572z3z8,381371021253,johnsonsbabybubblebathwash15oz/002609841,johnsonsbabybubblebathwash15oz/b0029epw3k,johnsons/13682029,0381371021253",Johnson's,13682029,"Johnson's Baby Bubble Bath and Wash, 15oz",2012-08-30T00:00:00.000Z,2017-08-07T17:31:31Z,"2017-08-05T05:32:00.000Z,2017-08-02T09:06:00.000Z",False,False,10012188.0,,1,https://www.walmart.com/reviews/product/16940619,My 8 month old baby got extremely irritated from this product after using for less than a week. I would like to get my money back.,Very bad reaction,,,An anonymous customer,3.81371E+11,Johnson'S,"['Personal Care', 'Baby Care', 'Baby Bubble Bath', 'Baby', 'Bath & Potty', 'Toiletries', 'Bubble Bath', 'Baby Bath', 'Bath & Body', 'Body Wash & Cleansers']",Personal Care,Baby Care,Baby Bubble Bath
AV1h6Gu0glJLPUi8IjA_,Johnson's,"Personal Care,Baby Care,Baby Bubble Bath,Baby,Bath & Potty,Toiletries,Bubble Bath,Baby Bath,Bath & Body,Body Wash & Cleansers",2017-07-20T21:30:08Z,2018-02-05T11:30:05Z,381371000000.0,"johnsonsbabybubblebathwash15oz/b00572z3z8,381371021253,johnsonsbabybubblebathwash15oz/002609841,johnsonsbabybubblebathwash15oz/b0029epw3k,johnsons/13682029,0381371021253",Johnson's,13682029,"Johnson's Baby Bubble Bath and Wash, 15oz",2017-04-05T00:00:00.000Z,2017-08-07T17:31:31Z,"2017-08-05T05:32:00.000Z,2017-08-02T09:06:00.000Z",True,,90012372.0,,2,https://www.walmart.com/reviews/product/16940619,"I did receive 1 bottle but when I ordered, it said a pack of 6. I was disappointed about that. This review was collected as part of a promotion.",Not the quantity specifed,,,Nyisha M,3.81371E+11,Johnson'S,"['Personal Care', 'Baby Care', 'Baby Bubble Bath', 'Baby', 'Bath & Potty', 'Toiletries', 'Bubble Bath', 'Baby Bath', 'Bath & Body', 'Body Wash & Cleansers']",Personal Care,Baby Care,Baby Bubble Bath
AV1h6Gu0glJLPUi8IjA_,Johnson's,"Personal Care,Baby Care,Baby Bubble Bath,Baby,Bath & Potty,Toiletries,Bubble Bath,Baby Bath,Bath & Body,Body Wash & Cleansers",2017-07-20T21:30:08Z,2018-02-05T11:30:05Z,381371000000.0,"johnsonsbabybubblebathwash15oz/b00572z3z8,381371021253,johnsonsbabybubblebathwash15oz/002609841,johnsonsbabybubblebathwash15oz/b0029epw3k,johnsons/13682029,0381371021253",Johnson's,13682029,"Johnson's Baby Bubble Bath and Wash, 15oz",2014-11-05T00:00:00.000Z,2017-08-07T17:31:31Z,"2017-08-05T05:32:00.000Z,2017-08-02T09:06:00.000Z",False,True,38903058.0,0.0,3,https://www.walmart.com/reviews/product/16940619,"You would think it's convenient to have bubble bath and wash in the same container, but it just means you buy twice the amount... My son loves the bubbles though so no complaints.",It's bubble bath.,,,GardenBunny318,3.81371E+11,Johnson'S,"['Personal Care', 'Baby Care', 'Baby Bubble Bath', 'Baby', 'Bath & Potty', 'Toiletries', 'Bubble Bath', 'Baby Bath', 'Bath & Body', 'Body Wash & Cleansers']",Personal Care,Baby Care,Baby Bubble Bath
AV1h6Gu0glJLPUi8IjA_,Johnson's,"Personal Care,Baby Care,Baby Bubble Bath,Baby,Bath & Potty,Toiletries,Bubble Bath,Baby Bath,Bath & Body,Body Wash & Cleansers",2017-07-20T21:30:08Z,2018-02-05T11:30:05Z,381371000000.0,"johnsonsbabybubblebathwash15oz/b00572z3z8,381371021253,johnsonsbabybubblebathwash15oz/002609841,johnsonsbabybubblebathwash15oz/b0029epw3k,johnsons/13682029,0381371021253",Johnson's,13682029,"Johnson's Baby Bubble Bath and Wash, 15oz",2017-05-09T07:36:44.000Z,2017-09-29T23:14:00Z,"2017-09-20T14:27:00.000Z,2017-08-22T15:56:00.000Z,2017-08-31T21:05:00.000Z,2017-08-18T10:35:00.000Z,2017-08-20T10:54:00.000Z,2017-08-06T06:23:00.000Z,2017-08-04T05:56:00.000Z,2017-07-24T16:19:00.000Z,2017-07-23T02:54:00.000Z",,True,,,4,https://redsky.target.com/groot-domain-api/v1/reviews/13682029?sort=helpfulness_desc&limit=200&offset=0,"Well, Johnson's need I say more I know, right. Ok, but I will. I have used Johnson's since I was a baby, yes it's been a long time. But let's get to the Chase, it's 2 in 1. Come on, who doesn't like 2 in 1 It's hard enough to get the little loves clean, so any help is always a blessing... So, Johnson's Bubble Bath and wash is a must have in this house!!!",2 In 1!!!,Rohnert Park,,Solo,3.81371E+11,Johnson'S,"['Personal Care', 'Baby Care', 'Baby Bubble Bath', 'Baby', 'Bath & Potty', 'Toiletries', 'Bubble Bath', 'Baby Bath', 'Bath & Body', 'Body Wash & Cleansers']",Personal Care,Baby Care,Baby Bubble Bath
AV1h6Gu0glJLPUi8IjA_,Johnson's,"Personal Care,Baby Care,Baby Bubble Bath,Baby,Bath & Potty,Toiletries,Bubble Bath,Baby Bath,Bath & Body,Body Wash & Cleansers",2017-07-20T21:30:08Z,2018-02-05T11:30:05Z,381371000000.0,"johnsonsbabybubblebathwash15oz/b00572z3z8,381371021253,johnsonsbabybubblebathwash15oz/002609841,johnsonsbabybubblebathwash15oz/b0029epw3k,johnsons/13682029,0381371021253",Johnson's,13682029,"Johnson's Baby Bubble Bath and Wash, 15oz",2017-05-09T00:00:00.000Z,2017-08-07T17:31:31Z,"2017-08-05T05:32:00.000Z,2017-08-02T09:06:00.000Z",False,True,178854665.0,,4,https://www.walmart.com/reviews/product/16940619,"Well, Johnson's need I say more I know, right. Ok, but I will. I have used Johnson's since I was a baby, yes it's been a long time. But let's get to the Chase, it's 2 in 1. Come on, who doesn't like 2 in 1 It's hard enough to get the little loves clean, so any help is always a blessing... So, Johnson's Bubble Bath and wash is a must have in this house!!!",2 in 1!!!,,,Solo,3.81371E+11,Johnson'S,"['Personal Care', 'Baby Care', 'Baby Bubble Bath', 'Baby', 'Bath & Potty', 'Toiletries', 'Bubble Bath', 'Baby Bath', 'Bath & Body', 'Body Wash & Cleansers']",Personal Care,Baby Care,Baby Bubble Bath
AV1h6Gu0glJLPUi8IjA_,Johnson's,"Personal Care,Baby Care,Baby Bubble Bath,Baby,Bath & Potty,Toiletries,Bubble Bath,Baby Bath,Bath & Body,Body Wash & Cleansers",2017-07-20T21:30:08Z,2018-02-05T11:30:05Z,381371000000.0,"johnsonsbabybubblebathwash15oz/b00572z3z8,381371021253,johnsonsbabybubblebathwash15oz/002609841,johnsonsbabybubblebathwash15oz/b0029epw3k,johnsons/13682029,0381371021253",Johnson's,13682029,"Johnson's Baby Bubble Bath and Wash, 15oz",2012-02-01T00:00:00.000Z,2017-08-07T17:31:31Z,"2017-08-05T05:32:00.000Z,2017-08-02T09:06:00.000Z",False,True,6522660.0,1.0,4,https://www.walmart.com/reviews/product/16940619,"The bubbles aren't over the top fabulous, but it smells good and makes the kids happy.",Love the scent,,,sasparilla,3.81371E+11,Johnson'S,"['Personal Care', 'Baby Care', 'Baby Bubble Bath', 'Baby', 'Bath & Potty', 'Toiletries', 'Bubble Bath', 'Baby Bath', 'Bath & Body', 'Body Wash & Cleansers']",Personal Care,Baby Care,Baby Bubble Bath
AV1h6Gu0glJLPUi8IjA_,Johnson's,"Personal Care,Baby Care,Baby Bubble Bath,Baby,Bath & Potty,Toiletries,Bubble Bath,Baby Bath,Bath & Body,Body Wash & Cleansers",2017-07-20T21:30:08Z,2018-02-05T11:30:05Z,381371000000.0,"johnsonsbabybubblebathwash15oz/b00572z3z8,381371021253,johnsonsbabybubblebathwash15oz/002609841,johnsonsbabybubblebathwash15oz/b0029epw3k,johnsons/13682029,0381371021253",Johnson's,13682029,"Johnson's Baby Bubble Bath and Wash, 15oz",2014-07-25T00:00:00.000Z,2017-08-07T17:31:31Z,"2017-08-05T05:32:00.000Z,2017-08-02T09:06:00.000Z",False,True,34081024.0,0.0,4,https://www.walmart.com/reviews/product/16940619,I ma using this for my baby when she is one month old. I don't like much fragnanaces hence i love it. I don't feel like using another one.,Good one,,,MKris18,3.81371E+11,Johnson'S,"['Personal Care', 'Baby Care', 'Baby Bubble Bath', 'Baby', 'Bath & Potty', 'Toiletries', 'Bubble Bath', 'Baby Bath', 'Bath & Body', 'Body Wash & Cleansers']",Personal Care,Baby Care,Baby Bubble Bath
AV1h6Gu0glJLPUi8IjA_,Johnson's,"Personal Care,Baby Care,Baby Bubble Bath,Baby,Bath & Potty,Toiletries,Bubble Bath,Baby Bath,Bath & Body,Body Wash & Cleansers",2017-07-20T21:30:08Z,2018-02-05T11:30:05Z,381371000000.0,"johnsonsbabybubblebathwash15oz/b00572z3z8,381371021253,johnsonsbabybubblebathwash15oz/002609841,johnsonsbabybubblebathwash15oz/b0029epw3k,johnsons/13682029,0381371021253",Johnson's,13682029,"Johnson's Baby Bubble Bath and Wash, 15oz",2011-09-21T00:00:00.000Z,2017-08-07T17:31:31Z,"2017-08-05T05:32:00.000Z,2017-08-02T09:06:00.000Z",False,True,189329.0,,4,https://www.walmart.com/reviews/product/16940619,Lots of fun in the bath but have to use a lot to make it bubble! Nice addition when the kids don't want to take a bath.,My kids love the bubbles!,,,Momof2,3.81371E+11,Johnson'S,"['Personal Care', 'Baby Care', 'Baby Bubble Bath', 'Baby', 'Bath & Potty', 'Toiletries', 'Bubble Bath', 'Baby Bath', 'Bath & Body', 'Body Wash & Cleansers']",Personal Care,Baby Care,Baby Bubble Bath
AV1h6Gu0glJLPUi8IjA_,Johnson's,"Personal Care,Baby Care,Baby Bubble Bath,Baby,Bath & Potty,Toiletries,Bubble Bath,Baby Bath,Bath & Body,Body Wash & Cleansers",2017-07-20T21:30:08Z,2018-02-05T11:30:05Z,381371000000.0,"johnsonsbabybubblebathwash15oz/b00572z3z8,381371021253,johnsonsbabybubblebathwash15oz/002609841,johnsonsbabybubblebathwash15oz/b0029epw3k,johnsons/13682029,0381371021253",Johnson's,13682029,"Johnson's Baby Bubble Bath and Wash, 15oz",2015-02-04T00:00:00.000Z,2017-08-07T17:31:31Z,"2017-08-05T05:32:00.000Z,2017-08-02T09:06:00.000Z",False,True,112389631.0,,4,https://www.walmart.com/reviews/product/16940619,Amazing product. My 3 years old loves her bubble baths.,Love it. Whats not to love!!,,,An anonymous customer,3.81371E+11,Johnson'S,"['Personal Care', 'Baby Care', 'Baby Bubble Bath', 'Baby', 'Bath & Potty', 'Toiletries', 'Bubble Bath', 'Baby Bath', 'Bath & Body', 'Body Wash & Cleansers']",Personal Care,Baby Care,Baby Bubble Bath
AV1h6Gu0glJLPUi8IjA_,Johnson's,"Personal Care,Baby Care,Baby Bubble Bath,Baby,Bath & Potty,Toiletries,Bubble Bath,Baby Bath,Bath & Body,Body Wash & Cleansers",2017-07-20T21:30:08Z,2018-02-05T11:30:05Z,381371000000.0,"johnsonsbabybubblebathwash15oz/b00572z3z8,381371021253,johnsonsbabybubblebathwash15oz/002609841,johnsonsbabybubblebathwash15oz/b0029epw3k,johnsons/13682029,0381371021253",Johnson's,13682029,"Johnson's Baby Bubble Bath and Wash, 15oz",2016-02-13T00:00:00.000Z,2017-08-07T17:31:31Z,"2017-08-05T05:32:00.000Z,2017-08-02T09:06:00.000Z",False,True,79537685.0,0.0,5,https://www.walmart.com/reviews/product/16940619,I absolutely love this bubblebath. It smells so good and it body wash too. My little one has very sensitive skin so this is a great option for her to still enjoy bubbles and not break out.,Love this stuff!,,,mommyshappy8714,3.81371E+11,Johnson'S,"['Personal Care', 'Baby Care', 'Baby Bubble Bath', 'Baby', 'Bath & Potty', 'Toiletries', 'Bubble Bath', 'Baby Bath', 'Bath & Body', 'Body Wash & Cleansers']",Personal Care,Baby Care,Baby Bubble Bath
AV1h6Gu0glJLPUi8IjA_,Johnson's,"Personal Care,Baby Care,Baby Bubble Bath,Baby,Bath & Potty,Toiletries,Bubble Bath,Baby Bath,Bath & Body,Body Wash & Cleansers",2017-07-20T21:30:08Z,2018-02-05T11:30:05Z,381371000000.0,"johnsonsbabybubblebathwash15oz/b00572z3z8,381371021253,johnsonsbabybubblebathwash15oz/002609841,johnsonsbabybubblebathwash15oz/b0029epw3k,johnsons/13682029,0381371021253",Johnson's,13682029,"Johnson's Baby Bubble Bath and Wash, 15oz",2012-02-20T00:00:00.000Z,2017-08-07T17:31:31Z,"2017-08-05T05:32:00.000Z,2017-08-02T09:06:00.000Z",False,True,839907.0,,5,https://www.walmart.com/reviews/product/16940619,I bought a small sample size of this a couple months back and loved it. The smell is just wonderful. I recently bought a new bottle and think that I may have to keep it in my shower and buy my kids another one!,The Smell is AMAZING!,,,eyo,3.81371E+11,Johnson'S,"['Personal Care', 'Baby Care', 'Baby Bubble Bath', 'Baby', 'Bath & Potty', 'Toiletries', 'Bubble Bath', 'Baby Bath', 'Bath & Body', 'Body Wash & Cleansers']",Personal Care,Baby Care,Baby Bubble Bath
AV1h6Gu0glJLPUi8IjA_,Johnson's,"Personal Care,Baby Care,Baby Bubble Bath,Baby,Bath & Potty,Toiletries,Bubble Bath,Baby Bath,Bath & Body,Body Wash & Cleansers",2017-07-20T21:30:08Z,2018-02-05T11:30:05Z,381371000000.0,"johnsonsbabybubblebathwash15oz/b00572z3z8,381371021253,johnsonsbabybubblebathwash15oz/002609841,johnsonsbabybubblebathwash15oz/b0029epw3k,johnsons/13682029,0381371021253",Johnson's,13682029,"Johnson's Baby Bubble Bath and Wash, 15oz",2016-02-05T00:00:00.000Z,2017-08-07T17:31:31Z,"2017-08-05T05:32:00.000Z,2017-08-02T09:06:00.000Z",False,True,78407917.0,0.0,5,https://www.walmart.com/reviews/product/16940619,Very pleasant smell. Only need a little for a whole lot of bubbles.,Great product!,,,Anonymous8589,3.81371E+11,Johnson'S,"['Personal Care', 'Baby Care', 'Baby Bubble Bath', 'Baby', 'Bath & Potty', 'Toiletries', 'Bubble Bath', 'Baby Bath', 'Bath & Body', 'Body Wash & Cleansers']",Personal Care,Baby Care,Baby Bubble Bath
AV1h6Gu0glJLPUi8IjA_,Johnson's,"Personal Care,Baby Care,Baby Bubble Bath,Baby,Bath & Potty,Toiletries,Bubble Bath,Baby Bath,Bath & Body,Body Wash & Cleansers",2017-07-20T21:30:08Z,2018-02-05T11:30:05Z,381371000000.0,"johnsonsbabybubblebathwash15oz/b00572z3z8,381371021253,johnsonsbabybubblebathwash15oz/002609841,johnsonsbabybubblebathwash15oz/b0029epw3k,johnsons/13682029,0381371021253",Johnson's,13682029,"Johnson's Baby Bubble Bath and Wash, 15oz",2015-10-17T00:00:00.000Z,2017-08-07T17:31:31Z,"2017-08-05T05:32:00.000Z,2017-08-02T09:06:00.000Z",False,True,67067764.0,0.0,5,https://www.walmart.com/reviews/product/16940619,My babies love the bubbles and mom loves that is tear free and the fragrance,Love it,,,Jazzymom,3.81371E+11,Johnson'S,"['Personal Care', 'Baby Care', 'Baby Bubble Bath', 'Baby', 'Bath & Potty', 'Toiletries', 'Bubble Bath', 'Baby Bath', 'Bath & Body', 'Body Wash & Cleansers']",Personal Care,Baby Care,Baby Bubble Bath
AV1h6Gu0glJLPUi8IjA_,Johnson's,"Personal Care,Baby Care,Baby Bubble Bath,Baby,Bath & Potty,Toiletries,Bubble Bath,Baby Bath,Bath & Body,Body Wash & Cleansers",2017-07-20T21:30:08Z,2018-02-05T11:30:05Z,381371000000.0,"johnsonsbabybubblebathwash15oz/b00572z3z8,381371021253,johnsonsbabybubblebathwash15oz/002609841,johnsonsbabybubblebathwash15oz/b0029epw3k,johnsons/13682029,0381371021253",Johnson's,13682029,"Johnson's Baby Bubble Bath and Wash, 15oz",2014-08-26T00:00:00.000Z,2017-08-07T17:31:31Z,"2017-08-05T05:32:00.000Z,2017-08-02T09:06:00.000Z",True,True,35522461.0,0.0,5,https://www.walmart.com/reviews/product/16940619,My son loves this product. Makes bath time more fun and looks forward to it. Not only is it bubbles but also body wash. The 2- in-1 makes it convenient for me,I love this!!!!,,,Ramona831,3.81371E+11,Johnson'S,"['Personal Care', 'Baby Care', 'Baby Bubble Bath', 'Baby', 'Bath & Potty', 'Toiletries', 'Bubble Bath', 'Baby Bath', 'Bath & Body', 'Body Wash & Cleansers']",Personal Care,Baby Care,Baby Bubble Bath
AV1h6Gu0glJLPUi8IjA_,Johnson's,"Personal Care,Baby Care,Baby Bubble Bath,Baby,Bath & Potty,Toiletries,Bubble Bath,Baby Bath,Bath & Body,Body Wash & Cleansers",2017-07-20T21:30:08Z,2018-02-05T11:30:05Z,381371000000.0,"johnsonsbabybubblebathwash15oz/b00572z3z8,381371021253,johnsonsbabybubblebathwash15oz/002609841,johnsonsbabybubblebathwash15oz/b0029epw3k,johnsons/13682029,0381371021253",Johnson's,13682029,"Johnson's Baby Bubble Bath and Wash, 15oz",2014-08-31T00:00:00.000Z,2017-08-07T17:31:31Z,"2017-08-05T05:32:00.000Z,2017-08-02T09:06:00.000Z",True,True,35728616.0,0.0,5,https://www.walmart.com/reviews/product/16940619,Really liked the fresh smell of this.,love,,,morgiana,3.81371E+11,Johnson'S,"['Personal Care', 'Baby Care', 'Baby Bubble Bath', 'Baby', 'Bath & Potty', 'Toiletries', 'Bubble Bath', 'Baby Bath', 'Bath & Body', 'Body Wash & Cleansers']",Personal Care,Baby Care,Baby Bubble Bath
AV1l8zRZvKc47QAVhnAv,Olay,"Personal Care,Skin Care,Anti-Aging,Beauty,Face Moisturizers,Facial Moisturizers,Moisturizers,Creams & Moisturizers",2017-07-21T16:20:23Z,2018-02-05T11:28:34Z,75609007408.0,"075609007408,olayregeneristdeephydrationregeneratingcream/b00008zpg9,olayregenerist/10910247,olay/pr00740,olayregeneristdeephydratingcreammoisturizer17floz/004661725,olayregeneristdeephydrationregeneratingcreamfacemoisturizer17floz/b00008zpg9,olayregeneristdeephydrationregeneratingcreamfacemoisturizer17floz/004661725,olayregeneristdeephydrationregeneratingcreamfacemoisturizer17floz/b013qne0iu,pg/10910247,0075609007408",P&G,10910247,Olay Regenerist Deep Hydration Regenerating Cream,2015-05-26T00:00:00.000Z,2017-09-24T08:19:42Z,2017-09-03T19:47:00.000Z,False,False,79523786.0,,1,https://www.walmart.com/reviews/product/10322150?limit=20&sort=relevancy&page=28,"This cream did not do much for my face or throat area. I have gone back to my generic brand, it works better and is not as expensive. This review was collected as part of a promotion.",Gave it a Try,,,An anonymous customer,75609007408,Olay,"['Personal Care', 'Skin Care', 'Anti-Aging', 'Beauty', 'Face Moisturizers', 'Facial Moisturizers', 'Moisturizers', 'Creams & Moisturizers']",Personal Care,Skin Care,Anti-Aging
AV1l8zRZvKc47QAVhnAv,Olay,"Personal Care,Skin Care,Anti-Aging,Beauty,Face Moisturizers,Facial Moisturizers,Moisturizers,Creams & Moisturizers",2017-07-21T16:20:23Z,2018-02-05T11:28:34Z,75609007408.0,"075609007408,olayregeneristdeephydrationregeneratingcream/b00008zpg9,olayregenerist/10910247,olay/pr00740,olayregeneristdeephydratingcreammoisturizer17floz/004661725,olayregeneristdeephydrationregeneratingcreamfacemoisturizer17floz/b00008zpg9,olayregeneristdeephydrationregeneratingcreamfacemoisturizer17floz/004661725,olayregeneristdeephydrationregeneratingcreamfacemoisturizer17floz/b013qne0iu,pg/10910247,0075609007408",P&G,10910247,Olay Regenerist Deep Hydration Regenerating Cream,2014-09-01T00:00:00.000Z,2017-09-24T08:19:42Z,2017-09-03T19:46:00.000Z,False,False,64574863.0,,1,https://www.walmart.com/reviews/product/10322150?limit=20&sort=relevancy&page=21,"I used (and loved) this product for several years until they changed it. It used to moisturize my skin and left it feeling soft. Now, it sits on top of my skin and is never absorbed. It just leaves a slimy film on my skin. I will no longer purchase this product.",New formula is terrible,,,alnscoob97,75609007408,Olay,"['Personal Care', 'Skin Care', 'Anti-Aging', 'Beauty', 'Face Moisturizers', 'Facial Moisturizers', 'Moisturizers', 'Creams & Moisturizers']",Personal Care,Skin Care,Anti-Aging
AV1l8zRZvKc47QAVhnAv,Olay,"Personal Care,Skin Care,Anti-Aging,Beauty,Face Moisturizers,Facial Moisturizers,Moisturizers,Creams & Moisturizers",2017-07-21T16:20:23Z,2018-02-05T11:28:34Z,75609007408.0,"075609007408,olayregeneristdeephydrationregeneratingcream/b00008zpg9,olayregenerist/10910247,olay/pr00740,olayregeneristdeephydratingcreammoisturizer17floz/004661725,olayregeneristdeephydrationregeneratingcreamfacemoisturizer17floz/b00008zpg9,olayregeneristdeephydrationregeneratingcreamfacemoisturizer17floz/004661725,olayregeneristdeephydrationregeneratingcreamfacemoisturizer17floz/b013qne0iu,pg/10910247,0075609007408",P&G,10910247,Olay Regenerist Deep Hydration Regenerating Cream,2015-02-11T00:00:00.000Z,2017-09-24T08:19:42Z,2017-09-03T19:46:00.000Z,False,False,71576693.0,,1,https://www.walmart.com/reviews/product/10322150?limit=20&sort=relevancy&page=21,"I have been using Oil of Olay for over 20 years. This product worked so well for me, but the new formula is HORRIBLE! I cannot find anything to work for my skin like it did! The smell is flowery and it is too thick. The old formula was so light",PLEASE BRING BACK OLD FORMULA!!!,,,Star33,75609007408,Olay,"['Personal Care', 'Skin Care', 'Anti-Aging', 'Beauty', 'Face Moisturizers', 'Facial Moisturizers', 'Moisturizers', 'Creams & Moisturizers']",Personal Care,Skin Care,Anti-Aging
AV1l8zRZvKc47QAVhnAv,Olay,"Personal Care,Skin Care,Anti-Aging,Beauty,Face Moisturizers,Facial Moisturizers,Moisturizers,Creams & Moisturizers",2017-07-21T16:20:23Z,2018-02-05T11:28:34Z,75609007408.0,"075609007408,olayregeneristdeephydrationregeneratingcream/b00008zpg9,olayregenerist/10910247,olay/pr00740,olayregeneristdeephydratingcreammoisturizer17floz/004661725,olayregeneristdeephydrationregeneratingcreamfacemoisturizer17floz/b00008zpg9,olayregeneristdeephydrationregeneratingcreamfacemoisturizer17floz/004661725,olayregeneristdeephydrationregeneratingcreamfacemoisturizer17floz/b013qne0iu,pg/10910247,0075609007408",P&G,10910247,Olay Regenerist Deep Hydration Regenerating Cream,2014-09-07T00:00:00.000Z,2017-09-24T08:19:42Z,2017-09-03T19:46:00.000Z,False,False,64846787.0,,1,https://www.walmart.com/reviews/product/10322150?limit=20&sort=relevancy&page=18,"I am so disappointed! I have used this product for years because of it's soft smell and great results. The new formula feels greasy, smells awful and I don't feel like my skin looks as toned and wrinkle free anymore. This was a five star product for so many years...why change it Please bring back the old formula.",Please bring back the old formula,,,jacmary,75609007408,Olay,"['Personal Care', 'Skin Care', 'Anti-Aging', 'Beauty', 'Face Moisturizers', 'Facial Moisturizers', 'Moisturizers', 'Creams & Moisturizers']",Personal Care,Skin Care,Anti-Aging
AV1l8zRZvKc47QAVhnAv,Olay,"Personal Care,Skin Care,Anti-Aging,Beauty,Face Moisturizers,Facial Moisturizers,Moisturizers,Creams & Moisturizers",2017-07-21T16:20:23Z,2018-02-05T11:28:34Z,75609007408.0,"075609007408,olayregeneristdeephydrationregeneratingcream/b00008zpg9,olayregenerist/10910247,olay/pr00740,olayregeneristdeephydratingcreammoisturizer17floz/004661725,olayregeneristdeephydrationregeneratingcreamfacemoisturizer17floz/b00008zpg9,olayregeneristdeephydrationregeneratingcreamfacemoisturizer17floz/004661725,olayregeneristdeephydrationregeneratingcreamfacemoisturizer17floz/b013qne0iu,pg/10910247,0075609007408",P&G,10910247,Olay Regenerist Deep Hydration Regenerating Cream,2014-07-10T00:00:00.000Z,2017-09-24T08:19:42Z,2017-09-03T19:46:00.000Z,False,False,62609509.0,,1,https://www.walmart.com/reviews/product/10322150?limit=20&sort=relevancy&page=17,"I've been using this product for years and it was terrific. This improved formula is terrible. It doesn't have the hydrating power it had -- it's much thinner and stickier. Heaven help you if you get some on your lips - it tastes terrible! PLEASE dump this improved formula. Until then, I'm shopping for a new moisturizer... alas",What happened!!,,,Mabelle,75609007408,Olay,"['Personal Care', 'Skin Care', 'Anti-Aging', 'Beauty', 'Face Moisturizers', 'Facial Moisturizers', 'Moisturizers', 'Creams & Moisturizers']",Personal Care,Skin Care,Anti-Aging
AV1l8zRZvKc47QAVhnAv,Olay,"Personal Care,Skin Care,Anti-Aging,Beauty,Face Moisturizers,Facial Moisturizers,Moisturizers,Creams & Moisturizers",2017-07-21T16:20:23Z,2018-02-05T11:28:34Z,75609007408.0,"075609007408,olayregeneristdeephydrationregeneratingcream/b00008zpg9,olayregenerist/10910247,olay/pr00740,olayregeneristdeephydratingcreammoisturizer17floz/004661725,olayregeneristdeephydrationregeneratingcreamfacemoisturizer17floz/b00008zpg9,olayregeneristdeephydrationregeneratingcreamfacemoisturizer17floz/004661725,olayregeneristdeephydrationregeneratingcreamfacemoisturizer17floz/b013qne0iu,pg/10910247,0075609007408",P&G,10910247,Olay Regenerist Deep Hydration Regenerating Cream,2014-04-13T00:00:00.000Z,2017-09-24T08:19:42Z,2017-09-03T19:46:00.000Z,False,False,56947940.0,,1,https://www.walmart.com/reviews/product/10322150?limit=20&sort=relevancy&page=14,"It took me so long to find a moisturizer that worked well for me and I loved this product. However, this new formula has a smell that is too strong for me and feels very greasy once applied. Unfortunately I will no longer be purchasing this product and will have to search again for another moisturizer. Please Olay, bring back your old formula. It was so much better.",Please Bring Back Old Formula,,,KayC,75609007408,Olay,"['Personal Care', 'Skin Care', 'Anti-Aging', 'Beauty', 'Face Moisturizers', 'Facial Moisturizers', 'Moisturizers', 'Creams & Moisturizers']",Personal Care,Skin Care,Anti-Aging
AV1l8zRZvKc47QAVhnAv,Olay,"Personal Care,Skin Care,Anti-Aging,Beauty,Face Moisturizers,Facial Moisturizers,Moisturizers,Creams & Moisturizers",2017-07-21T16:20:23Z,2018-02-05T11:28:34Z,75609007408.0,"075609007408,olayregeneristdeephydrationregeneratingcream/b00008zpg9,olayregenerist/10910247,olay/pr00740,olayregeneristdeephydratingcreammoisturizer17floz/004661725,olayregeneristdeephydrationregeneratingcreamfacemoisturizer17floz/b00008zpg9,olayregeneristdeephydrationregeneratingcreamfacemoisturizer17floz/004661725,olayregeneristdeephydrationregeneratingcreamfacemoisturizer17floz/b013qne0iu,pg/10910247,0075609007408",P&G,10910247,Olay Regenerist Deep Hydration Regenerating Cream,2014-04-07T00:00:00.000Z,2017-09-24T08:19:42Z,2017-09-03T19:46:00.000Z,False,False,56631712.0,,1,https://www.walmart.com/reviews/product/10322150?limit=20&sort=relevancy&page=8,"Used to swear by this product as my daily moisturizer. I loved it because it felt thick and creamy and did a great job without being greasy or feeling heavy. However, just bought the first container of the new formula. It's terrible! It leaves a greasy feel that does not go away and makes it impossible to apply makeup, even 10 minutes after. Your skin just feels slimy to the touch, slippery. And the scent is way stronger. Please, OLAY, give us our old formula back!! I'll be purchasing something else.",new formula is terrible,,,jen717,75609007408,Olay,"['Personal Care', 'Skin Care', 'Anti-Aging', 'Beauty', 'Face Moisturizers', 'Facial Moisturizers', 'Moisturizers', 'Creams & Moisturizers']",Personal Care,Skin Care,Anti-Aging
AV1l8zRZvKc47QAVhnAv,Olay,"Personal Care,Skin Care,Anti-Aging,Beauty,Face Moisturizers,Facial Moisturizers,Moisturizers,Creams & Moisturizers",2017-07-21T16:20:23Z,2018-02-05T11:28:34Z,75609007408.0,"075609007408,olayregeneristdeephydrationregeneratingcream/b00008zpg9,olayregenerist/10910247,olay/pr00740,olayregeneristdeephydratingcreammoisturizer17floz/004661725,olayregeneristdeephydrationregeneratingcreamfacemoisturizer17floz/b00008zpg9,olayregeneristdeephydrationregeneratingcreamfacemoisturizer17floz/004661725,olayregeneristdeephydrationregeneratingcreamfacemoisturizer17floz/b013qne0iu,pg/10910247,0075609007408",P&G,10910247,Olay Regenerist Deep Hydration Regenerating Cream,2016-12-25T00:00:00.000Z,2017-09-24T08:19:42Z,2017-09-03T19:46:00.000Z,False,False,140748146.0,,1,https://www.walmart.com/reviews/product/10322150?limit=20&sort=relevancy&page=3,Olay don't work for me I have overly dry skin. I haven't found anything to work on my skin. So I'm hoping to be able to find something that will work. But I'm affrid I won't be able to find anything to help my skin not be so dry. It gets so bad the I dig at my legs all the time.,The product smells ok,,,Piggyboy420,75609007408,Olay,"['Personal Care', 'Skin Care', 'Anti-Aging', 'Beauty', 'Face Moisturizers', 'Facial Moisturizers', 'Moisturizers', 'Creams & Moisturizers']",Personal Care,Skin Care,Anti-Aging
AV1l8zRZvKc47QAVhnAv,Olay,"Personal Care,Skin Care,Anti-Aging,Beauty,Face Moisturizers,Facial Moisturizers,Moisturizers,Creams & Moisturizers",2017-07-21T16:20:23Z,2018-02-05T11:28:34Z,75609007408.0,"075609007408,olayregeneristdeephydrationregeneratingcream/b00008zpg9,olayregenerist/10910247,olay/pr00740,olayregeneristdeephydratingcreammoisturizer17floz/004661725,olayregeneristdeephydrationregeneratingcreamfacemoisturizer17floz/b00008zpg9,olayregeneristdeephydrationregeneratingcreamfacemoisturizer17floz/004661725,olayregeneristdeephydrationregeneratingcreamfacemoisturizer17floz/b013qne0iu,pg/10910247,0075609007408",P&G,10910247,Olay Regenerist Deep Hydration Regenerating Cream,2017-06-25T00:00:00.000Z,2017-09-24T08:19:42Z,2017-09-03T19:46:00.000Z,True,False,151377306.0,,1,https://www.walmart.com/reviews/product/10322150,I used it for several days in a row and I felt like I was wearing a mask. And my skin felt unnatural and dry under it. My skin felt coated instead of hydrated. I will not purchased this product again.,It didn't feel natural on my skin.,,,darklin,75609007408,Olay,"['Personal Care', 'Skin Care', 'Anti-Aging', 'Beauty', 'Face Moisturizers', 'Facial Moisturizers', 'Moisturizers', 'Creams & Moisturizers']",Personal Care,Skin Care,Anti-Aging
AV1l8zRZvKc47QAVhnAv,Olay,"Personal Care,Skin Care,Anti-Aging,Beauty,Face Moisturizers,Facial Moisturizers,Moisturizers,Creams & Moisturizers",2017-07-21T16:20:23Z,2018-02-05T11:28:34Z,75609007408.0,"075609007408,olayregeneristdeephydrationregeneratingcream/b00008zpg9,olayregenerist/10910247,olay/pr00740,olayregeneristdeephydratingcreammoisturizer17floz/004661725,olayregeneristdeephydrationregeneratingcreamfacemoisturizer17floz/b00008zpg9,olayregeneristdeephydrationregeneratingcreamfacemoisturizer17floz/004661725,olayregeneristdeephydrationregeneratingcreamfacemoisturizer17floz/b013qne0iu,pg/10910247,0075609007408",P&G,10910247,Olay Regenerist Deep Hydration Regenerating Cream,2014-03-08T00:00:00.000Z,2017-09-24T08:19:42Z,2017-09-03T19:46:00.000Z,True,False,21947507.0,4.0,1,https://www.walmart.com/reviews/product/10322150,"I buy Olay Regenerist all the time from CVS and Rite Aid. This time around I purchased it from Wal Mart's online store, and when I received it, the formula was slightly different. The lotion smells like the cheaper products Olay makes. I am very disappointed and will not order from Walmart online again.",Different formula than normal,,,DocLess82,75609007408,Olay,"['Personal Care', 'Skin Care', 'Anti-Aging', 'Beauty', 'Face Moisturizers', 'Facial Moisturizers', 'Moisturizers', 'Creams & Moisturizers']",Personal Care,Skin Care,Anti-Aging
AV1l8zRZvKc47QAVhnAv,Olay,"Personal Care,Skin Care,Anti-Aging,Beauty,Face Moisturizers,Facial Moisturizers,Moisturizers,Creams & Moisturizers",2017-07-21T16:20:23Z,2018-02-05T11:28:34Z,75609007408.0,"075609007408,olayregeneristdeephydrationregeneratingcream/b00008zpg9,olayregenerist/10910247,olay/pr00740,olayregeneristdeephydratingcreammoisturizer17floz/004661725,olayregeneristdeephydrationregeneratingcreamfacemoisturizer17floz/b00008zpg9,olayregeneristdeephydrationregeneratingcreamfacemoisturizer17floz/004661725,olayregeneristdeephydrationregeneratingcreamfacemoisturizer17floz/b013qne0iu,pg/10910247,0075609007408",P&G,10910247,Olay Regenerist Deep Hydration Regenerating Cream,2014-08-03T00:00:00.000Z,2017-09-24T08:19:42Z,2017-09-03T19:46:00.000Z,False,False,63571380.0,,1,https://www.walmart.com/reviews/product/10322150?limit=20&sort=relevancy&page=2,"my mother and i have vowed by this product for years and years... when i first started paying attention to skincare, she gave me a bottle of olay regenerist and it's all i've ever needed ... the only thing that works (and i have spent so much money exploring more high-end brands)! so you can understand why i'm upset that the formula was tampered with... this new and improved cream smells awful (the scent is way too strong), it appears that they've watered it down, it's mushy on my face and if i touch my face at any point during the day, it starts peeling off... it's greasy and does not work well under makeup at all! my mom and i are now forced to look for a whole new line of products when we've stayed with olay for our whole lives. sad, sad, sad. BRING BACK THE OLD FORMULA!",what happened,,,sash,75609007408,Olay,"['Personal Care', 'Skin Care', 'Anti-Aging', 'Beauty', 'Face Moisturizers', 'Facial Moisturizers', 'Moisturizers', 'Creams & Moisturizers']",Personal Care,Skin Care,Anti-Aging
AV1l8zRZvKc47QAVhnAv,Olay,"Personal Care,Skin Care,Anti-Aging,Beauty,Face Moisturizers,Facial Moisturizers,Moisturizers,Creams & Moisturizers",2017-07-21T16:20:23Z,2018-02-05T11:28:34Z,75609007408.0,"075609007408,olayregeneristdeephydrationregeneratingcream/b00008zpg9,olayregenerist/10910247,olay/pr00740,olayregeneristdeephydratingcreammoisturizer17floz/004661725,olayregeneristdeephydrationregeneratingcreamfacemoisturizer17floz/b00008zpg9,olayregeneristdeephydrationregeneratingcreamfacemoisturizer17floz/004661725,olayregeneristdeephydrationregeneratingcreamfacemoisturizer17floz/b013qne0iu,pg/10910247,0075609007408",P&G,10910247,Olay Regenerist Deep Hydration Regenerating Cream,2015-12-02T00:00:00.000Z,2017-09-24T08:19:42Z,2017-09-03T19:46:00.000Z,False,False,96540735.0,,2,https://www.walmart.com/reviews/product/10322150?limit=20&sort=relevancy&page=19,"While this product probably does leave faces feeling nourished, I would not recommend using it as a daily moisturizer under makeup. It left my face full of crumbles as soon as I brushed on my makeup. Would probably be better as a night cream.",Not a good base for makeup!,,,JHarris20,75609007408,Olay,"['Personal Care', 'Skin Care', 'Anti-Aging', 'Beauty', 'Face Moisturizers', 'Facial Moisturizers', 'Moisturizers', 'Creams & Moisturizers']",Personal Care,Skin Care,Anti-Aging
AV1l8zRZvKc47QAVhnAv,Olay,"Personal Care,Skin Care,Anti-Aging,Beauty,Face Moisturizers,Facial Moisturizers,Moisturizers,Creams & Moisturizers",2017-07-21T16:20:23Z,2018-02-05T11:28:34Z,75609007408.0,"075609007408,olayregeneristdeephydrationregeneratingcream/b00008zpg9,olayregenerist/10910247,olay/pr00740,olayregeneristdeephydratingcreammoisturizer17floz/004661725,olayregeneristdeephydrationregeneratingcreamfacemoisturizer17floz/b00008zpg9,olayregeneristdeephydrationregeneratingcreamfacemoisturizer17floz/004661725,olayregeneristdeephydrationregeneratingcreamfacemoisturizer17floz/b013qne0iu,pg/10910247,0075609007408",P&G,10910247,Olay Regenerist Deep Hydration Regenerating Cream,2016-09-22T00:00:00.000Z,2017-09-24T08:19:42Z,2017-09-03T19:46:00.000Z,True,False,104689983.0,0.0,2,https://www.walmart.com/reviews/product/10322150?limit=20&sort=relevancy&page=7,Just didn't have the moisture I am used too. Thought I would try this but will go back to Nutragena,Not for me,,,Sewinglover,75609007408,Olay,"['Personal Care', 'Skin Care', 'Anti-Aging', 'Beauty', 'Face Moisturizers', 'Facial Moisturizers', 'Moisturizers', 'Creams & Moisturizers']",Personal Care,Skin Care,Anti-Aging
AV1l8zRZvKc47QAVhnAv,Olay,"Personal Care,Skin Care,Anti-Aging,Beauty,Face Moisturizers,Facial Moisturizers,Moisturizers,Creams & Moisturizers",2017-07-21T16:20:23Z,2018-02-05T11:28:34Z,75609007408.0,"075609007408,olayregeneristdeephydrationregeneratingcream/b00008zpg9,olayregenerist/10910247,olay/pr00740,olayregeneristdeephydratingcreammoisturizer17floz/004661725,olayregeneristdeephydrationregeneratingcreamfacemoisturizer17floz/b00008zpg9,olayregeneristdeephydrationregeneratingcreamfacemoisturizer17floz/004661725,olayregeneristdeephydrationregeneratingcreamfacemoisturizer17floz/b013qne0iu,pg/10910247,0075609007408",P&G,10910247,Olay Regenerist Deep Hydration Regenerating Cream,2016-10-23T00:00:00.000Z,2017-09-24T08:19:42Z,2017-09-03T19:46:00.000Z,False,True,132026486.0,,2,https://www.walmart.com/reviews/product/10322150?limit=20&sort=relevancy&page=6,GreatGreatmefeels great smells great succulent took away dry skin silky smooth enriching,Nice,,,Kikkle,75609007408,Olay,"['Personal Care', 'Skin Care', 'Anti-Aging', 'Beauty', 'Face Moisturizers', 'Facial Moisturizers', 'Moisturizers', 'Creams & Moisturizers']",Personal Care,Skin Care,Anti-Aging
AV1l8zRZvKc47QAVhnAv,Olay,"Personal Care,Skin Care,Anti-Aging,Beauty,Face Moisturizers,Facial Moisturizers,Moisturizers,Creams & Moisturizers",2017-07-21T16:20:23Z,2018-02-05T11:28:34Z,75609007408.0,"075609007408,olayregeneristdeephydrationregeneratingcream/b00008zpg9,olayregenerist/10910247,olay/pr00740,olayregeneristdeephydratingcreammoisturizer17floz/004661725,olayregeneristdeephydrationregeneratingcreamfacemoisturizer17floz/b00008zpg9,olayregeneristdeephydrationregeneratingcreamfacemoisturizer17floz/004661725,olayregeneristdeephydrationregeneratingcreamfacemoisturizer17floz/b013qne0iu,pg/10910247,0075609007408",P&G,10910247,Olay Regenerist Deep Hydration Regenerating Cream,2016-04-30T03:08:38.000Z,2018-02-04T12:20:13Z,"2018-01-21T03:29:00.000Z,2018-01-14T12:27:00.000Z,2017-12-20T09:26:00.000Z,2017-12-15T20:18:00.000Z,2017-11-19T03:18:00.000Z,2017-10-10T07:42:00.000Z,2017-08-30T22:54:00.000Z",,True,,,3,https://redsky.target.com/groot-domain-api/v1/reviews/10910247?sort=helpfulness_desc&limit=200&offset=270,"Today is my first time using this product. Felt great going on immediately, felt moisturized without being too greasy. Although it smells great I would have loved to have this formula in a fragrance-free option, my skin tends to be a little sensitive to fragrances, but I will give a final review in a couple of weeks",Why No Fragrance-Free Formula,Brooklyn,,Mylifeinheels,75609007408,Olay,"['Personal Care', 'Skin Care', 'Anti-Aging', 'Beauty', 'Face Moisturizers', 'Facial Moisturizers', 'Moisturizers', 'Creams & Moisturizers']",Personal Care,Skin Care,Anti-Aging
AV1l8zRZvKc47QAVhnAv,Olay,"Personal Care,Skin Care,Anti-Aging,Beauty,Face Moisturizers,Facial Moisturizers,Moisturizers,Creams & Moisturizers",2017-07-21T16:20:23Z,2018-02-05T11:28:34Z,75609007408.0,"075609007408,olayregeneristdeephydrationregeneratingcream/b00008zpg9,olayregenerist/10910247,olay/pr00740,olayregeneristdeephydratingcreammoisturizer17floz/004661725,olayregeneristdeephydrationregeneratingcreamfacemoisturizer17floz/b00008zpg9,olayregeneristdeephydrationregeneratingcreamfacemoisturizer17floz/004661725,olayregeneristdeephydrationregeneratingcreamfacemoisturizer17floz/b013qne0iu,pg/10910247,0075609007408",P&G,10910247,Olay Regenerist Deep Hydration Regenerating Cream,2015-06-05T00:00:00.000Z,2017-09-24T08:19:42Z,2017-09-03T19:47:00.000Z,False,True,80035979.0,,3,https://www.walmart.com/reviews/product/10322150?limit=20&sort=relevancy&page=32,Love it. I can feel the result in few days. I will recommend it to my friends. This review was collected as part of a promotion.,very soft,,,leni,75609007408,Olay,"['Personal Care', 'Skin Care', 'Anti-Aging', 'Beauty', 'Face Moisturizers', 'Facial Moisturizers', 'Moisturizers', 'Creams & Moisturizers']",Personal Care,Skin Care,Anti-Aging
AV1l8zRZvKc47QAVhnAv,Olay,"Personal Care,Skin Care,Anti-Aging,Beauty,Face Moisturizers,Facial Moisturizers,Moisturizers,Creams & Moisturizers",2017-07-21T16:20:23Z,2018-02-05T11:28:34Z,75609007408.0,"075609007408,olayregeneristdeephydrationregeneratingcream/b00008zpg9,olayregenerist/10910247,olay/pr00740,olayregeneristdeephydratingcreammoisturizer17floz/004661725,olayregeneristdeephydrationregeneratingcreamfacemoisturizer17floz/b00008zpg9,olayregeneristdeephydrationregeneratingcreamfacemoisturizer17floz/004661725,olayregeneristdeephydrationregeneratingcreamfacemoisturizer17floz/b013qne0iu,pg/10910247,0075609007408",P&G,10910247,Olay Regenerist Deep Hydration Regenerating Cream,2015-06-01T00:00:00.000Z,2017-09-24T08:19:42Z,2017-09-03T19:47:00.000Z,False,True,79889945.0,,3,https://www.walmart.com/reviews/product/10322150?limit=20&sort=relevancy&page=29,I use this at night for wrinkles on the face. It does a good job reducing wrinkles and taking a couple of years off your face. This review was collected as part of a promotion.,reduces wrinkles,,,SilverEagle,75609007408,Olay,"['Personal Care', 'Skin Care', 'Anti-Aging', 'Beauty', 'Face Moisturizers', 'Facial Moisturizers', 'Moisturizers', 'Creams & Moisturizers']",Personal Care,Skin Care,Anti-Aging
AV1l8zRZvKc47QAVhnAv,Olay,"Personal Care,Skin Care,Anti-Aging,Beauty,Face Moisturizers,Facial Moisturizers,Moisturizers,Creams & Moisturizers",2017-07-21T16:20:23Z,2018-02-05T11:28:34Z,75609007408.0,"075609007408,olayregeneristdeephydrationregeneratingcream/b00008zpg9,olayregenerist/10910247,olay/pr00740,olayregeneristdeephydratingcreammoisturizer17floz/004661725,olayregeneristdeephydrationregeneratingcreamfacemoisturizer17floz/b00008zpg9,olayregeneristdeephydrationregeneratingcreamfacemoisturizer17floz/004661725,olayregeneristdeephydrationregeneratingcreamfacemoisturizer17floz/b013qne0iu,pg/10910247,0075609007408",P&G,10910247,Olay Regenerist Deep Hydration Regenerating Cream,2009-10-30T00:00:00.000Z,2017-09-24T08:19:42Z,2017-09-03T19:47:00.000Z,False,,7209422.0,,3,https://www.walmart.com/reviews/product/10322150?limit=20&sort=relevancy&page=28,"Although this product worked amazingly well, the fragrance gave me headaches and made my eyes water daily-Olay please make more fragrance-free products.",too scented for me,,,sheba,75609007408,Olay,"['Personal Care', 'Skin Care', 'Anti-Aging', 'Beauty', 'Face Moisturizers', 'Facial Moisturizers', 'Moisturizers', 'Creams & Moisturizers']",Personal Care,Skin Care,Anti-Aging
AV1l8zRZvKc47QAVhnAv,Olay,"Personal Care,Skin Care,Anti-Aging,Beauty,Face Moisturizers,Facial Moisturizers,Moisturizers,Creams & Moisturizers",2017-07-21T16:20:23Z,2018-02-05T11:28:34Z,75609007408.0,"075609007408,olayregeneristdeephydrationregeneratingcream/b00008zpg9,olayregenerist/10910247,olay/pr00740,olayregeneristdeephydratingcreammoisturizer17floz/004661725,olayregeneristdeephydrationregeneratingcreamfacemoisturizer17floz/b00008zpg9,olayregeneristdeephydrationregeneratingcreamfacemoisturizer17floz/004661725,olayregeneristdeephydrationregeneratingcreamfacemoisturizer17floz/b013qne0iu,pg/10910247,0075609007408",P&G,10910247,Olay Regenerist Deep Hydration Regenerating Cream,2015-05-26T00:00:00.000Z,2017-09-24T08:19:42Z,2017-09-03T19:47:00.000Z,False,True,79645846.0,,3,https://www.walmart.com/reviews/product/10322150?limit=20&sort=relevancy&page=25,"While I do love this product, having used it for at least 10 years, I prefer the old formulation better. I feel the new one doesn't hydrate as well, and leaves a thin film on my skin. This review was collected as part of a promotion.",Like the old formulation better,,,fedfan5,75609007408,Olay,"['Personal Care', 'Skin Care', 'Anti-Aging', 'Beauty', 'Face Moisturizers', 'Facial Moisturizers', 'Moisturizers', 'Creams & Moisturizers']",Personal Care,Skin Care,Anti-Aging
AV1l8zRZvKc47QAVhnAv,Olay,"Personal Care,Skin Care,Anti-Aging,Beauty,Face Moisturizers,Facial Moisturizers,Moisturizers,Creams & Moisturizers",2017-07-21T16:20:23Z,2018-02-05T11:28:34Z,75609007408.0,"075609007408,olayregeneristdeephydrationregeneratingcream/b00008zpg9,olayregenerist/10910247,olay/pr00740,olayregeneristdeephydratingcreammoisturizer17floz/004661725,olayregeneristdeephydrationregeneratingcreamfacemoisturizer17floz/b00008zpg9,olayregeneristdeephydrationregeneratingcreamfacemoisturizer17floz/004661725,olayregeneristdeephydrationregeneratingcreamfacemoisturizer17floz/b013qne0iu,pg/10910247,0075609007408",P&G,10910247,Olay Regenerist Deep Hydration Regenerating Cream,2015-05-26T00:00:00.000Z,2017-09-24T08:19:42Z,2017-09-03T19:46:00.000Z,False,True,79523911.0,,3,https://www.walmart.com/reviews/product/10322150?limit=20&sort=relevancy&page=24,I want to try this so that I can answer these questions. It sounds like a product that would help my skin on my face. I just don't want my face to start sagging. I have always liked olay products. This review was collected as part of a promotion.,I have never used this before,,,milo36,75609007408,Olay,"['Personal Care', 'Skin Care', 'Anti-Aging', 'Beauty', 'Face Moisturizers', 'Facial Moisturizers', 'Moisturizers', 'Creams & Moisturizers']",Personal Care,Skin Care,Anti-Aging
AV1l8zRZvKc47QAVhnAv,Olay,"Personal Care,Skin Care,Anti-Aging,Beauty,Face Moisturizers,Facial Moisturizers,Moisturizers,Creams & Moisturizers",2017-07-21T16:20:23Z,2018-02-05T11:28:34Z,75609007408.0,"075609007408,olayregeneristdeephydrationregeneratingcream/b00008zpg9,olayregenerist/10910247,olay/pr00740,olayregeneristdeephydratingcreammoisturizer17floz/004661725,olayregeneristdeephydrationregeneratingcreamfacemoisturizer17floz/b00008zpg9,olayregeneristdeephydrationregeneratingcreamfacemoisturizer17floz/004661725,olayregeneristdeephydrationregeneratingcreamfacemoisturizer17floz/b013qne0iu,pg/10910247,0075609007408",P&G,10910247,Olay Regenerist Deep Hydration Regenerating Cream,2015-05-26T00:00:00.000Z,2017-09-24T08:19:42Z,2017-09-03T19:46:00.000Z,False,True,79639157.0,,3,https://www.walmart.com/reviews/product/10322150?limit=20&sort=relevancy&page=24,"This product really helped keep my skin moisturized in the winter months. I used it morning and night with good results. It's a little heavy for warmer weather though, with my skin type anyway. This review was collected as part of a promotion.",This product really kept my winter face happy.,,,SarahAnne,75609007408,Olay,"['Personal Care', 'Skin Care', 'Anti-Aging', 'Beauty', 'Face Moisturizers', 'Facial Moisturizers', 'Moisturizers', 'Creams & Moisturizers']",Personal Care,Skin Care,Anti-Aging
AV1l8zRZvKc47QAVhnAv,Olay,"Personal Care,Skin Care,Anti-Aging,Beauty,Face Moisturizers,Facial Moisturizers,Moisturizers,Creams & Moisturizers",2017-07-21T16:20:23Z,2018-02-05T11:28:34Z,75609007408.0,"075609007408,olayregeneristdeephydrationregeneratingcream/b00008zpg9,olayregenerist/10910247,olay/pr00740,olayregeneristdeephydratingcreammoisturizer17floz/004661725,olayregeneristdeephydrationregeneratingcreamfacemoisturizer17floz/b00008zpg9,olayregeneristdeephydrationregeneratingcreamfacemoisturizer17floz/004661725,olayregeneristdeephydrationregeneratingcreamfacemoisturizer17floz/b013qne0iu,pg/10910247,0075609007408",P&G,10910247,Olay Regenerist Deep Hydration Regenerating Cream,2016-05-15T00:00:00.000Z,2017-09-24T08:19:42Z,2017-09-03T19:46:00.000Z,False,True,110531403.0,,3,https://www.walmart.com/reviews/product/10322150?limit=20&sort=relevancy&page=20,The product smells amazing need to use more often on my skin.,Best product ever. I like to use on my skin.,,,Hawkjr,75609007408,Olay,"['Personal Care', 'Skin Care', 'Anti-Aging', 'Beauty', 'Face Moisturizers', 'Facial Moisturizers', 'Moisturizers', 'Creams & Moisturizers']",Personal Care,Skin Care,Anti-Aging
AV1l8zRZvKc47QAVhnAv,Olay,"Personal Care,Skin Care,Anti-Aging,Beauty,Face Moisturizers,Facial Moisturizers,Moisturizers,Creams & Moisturizers",2017-07-21T16:20:23Z,2018-02-05T11:28:34Z,75609007408.0,"075609007408,olayregeneristdeephydrationregeneratingcream/b00008zpg9,olayregenerist/10910247,olay/pr00740,olayregeneristdeephydratingcreammoisturizer17floz/004661725,olayregeneristdeephydrationregeneratingcreamfacemoisturizer17floz/b00008zpg9,olayregeneristdeephydrationregeneratingcreamfacemoisturizer17floz/004661725,olayregeneristdeephydrationregeneratingcreamfacemoisturizer17floz/b013qne0iu,pg/10910247,0075609007408",P&G,10910247,Olay Regenerist Deep Hydration Regenerating Cream,2010-04-03T00:00:00.000Z,2017-09-24T08:19:42Z,2017-09-03T19:46:00.000Z,False,,10406618.0,,3,https://www.walmart.com/reviews/product/10322150?limit=20&sort=relevancy&page=16,"I love the cleansers but this cream is a little too thick for me...I have trouble going to bed with it on...a bit greasy and has a lot of fragrance. I just purchased the micro sculping cream and I can't wait to try it tonight! One point though, this cream has lasted a very long time, though I don't use it every night becuase it's not my favorite.",Its ok,,,Ladyjenn,75609007408,Olay,"['Personal Care', 'Skin Care', 'Anti-Aging', 'Beauty', 'Face Moisturizers', 'Facial Moisturizers', 'Moisturizers', 'Creams & Moisturizers']",Personal Care,Skin Care,Anti-Aging
AV1l8zRZvKc47QAVhnAv,Olay,"Personal Care,Skin Care,Anti-Aging,Beauty,Face Moisturizers,Facial Moisturizers,Moisturizers,Creams & Moisturizers",2017-07-21T16:20:23Z,2018-02-05T11:28:34Z,75609007408.0,"075609007408,olayregeneristdeephydrationregeneratingcream/b00008zpg9,olayregenerist/10910247,olay/pr00740,olayregeneristdeephydratingcreammoisturizer17floz/004661725,olayregeneristdeephydrationregeneratingcreamfacemoisturizer17floz/b00008zpg9,olayregeneristdeephydrationregeneratingcreamfacemoisturizer17floz/004661725,olayregeneristdeephydrationregeneratingcreamfacemoisturizer17floz/b013qne0iu,pg/10910247,0075609007408",P&G,10910247,Olay Regenerist Deep Hydration Regenerating Cream,2016-06-20T00:00:00.000Z,2017-09-24T08:19:42Z,2017-09-03T19:46:00.000Z,False,False,115306621.0,,3,https://www.walmart.com/reviews/product/10322150?limit=20&sort=relevancy&page=14,I like the product but dislike the dispenser. With the hole in the top it is strange to dispense and leaves a mess on the top of the container. This review was collected as part of a promotion.,Feels moisturized without greasy feeling,,,SharonKaye,75609007408,Olay,"['Personal Care', 'Skin Care', 'Anti-Aging', 'Beauty', 'Face Moisturizers', 'Facial Moisturizers', 'Moisturizers', 'Creams & Moisturizers']",Personal Care,Skin Care,Anti-Aging
AV1l8zRZvKc47QAVhnAv,Olay,"Personal Care,Skin Care,Anti-Aging,Beauty,Face Moisturizers,Facial Moisturizers,Moisturizers,Creams & Moisturizers",2017-07-21T16:20:23Z,2018-02-05T11:28:34Z,75609007408.0,"075609007408,olayregeneristdeephydrationregeneratingcream/b00008zpg9,olayregenerist/10910247,olay/pr00740,olayregeneristdeephydratingcreammoisturizer17floz/004661725,olayregeneristdeephydrationregeneratingcreamfacemoisturizer17floz/b00008zpg9,olayregeneristdeephydrationregeneratingcreamfacemoisturizer17floz/004661725,olayregeneristdeephydrationregeneratingcreamfacemoisturizer17floz/b013qne0iu,pg/10910247,0075609007408",P&G,10910247,Olay Regenerist Deep Hydration Regenerating Cream,2016-06-27T00:00:00.000Z,2017-09-24T08:19:42Z,2017-09-03T19:46:00.000Z,False,True,115815684.0,,3,https://www.walmart.com/reviews/product/10322150?limit=20&sort=relevancy&page=14,I wake up feeling that it has moisturized my face but I honestly cannot tell if has done anything else. This review was collected as part of a promotion.,use this as a night cream.,,,Marsh,75609007408,Olay,"['Personal Care', 'Skin Care', 'Anti-Aging', 'Beauty', 'Face Moisturizers', 'Facial Moisturizers', 'Moisturizers', 'Creams & Moisturizers']",Personal Care,Skin Care,Anti-Aging
AV1l8zRZvKc47QAVhnAv,Olay,"Personal Care,Skin Care,Anti-Aging,Beauty,Face Moisturizers,Facial Moisturizers,Moisturizers,Creams & Moisturizers",2017-07-21T16:20:23Z,2018-02-05T11:28:34Z,75609007408.0,"075609007408,olayregeneristdeephydrationregeneratingcream/b00008zpg9,olayregenerist/10910247,olay/pr00740,olayregeneristdeephydratingcreammoisturizer17floz/004661725,olayregeneristdeephydrationregeneratingcreamfacemoisturizer17floz/b00008zpg9,olayregeneristdeephydrationregeneratingcreamfacemoisturizer17floz/004661725,olayregeneristdeephydrationregeneratingcreamfacemoisturizer17floz/b013qne0iu,pg/10910247,0075609007408",P&G,10910247,Olay Regenerist Deep Hydration Regenerating Cream,2016-08-17T00:00:00.000Z,2017-09-24T08:19:42Z,2017-09-03T19:46:00.000Z,False,True,124783125.0,,3,https://www.walmart.com/reviews/product/10322150?limit=20&sort=relevancy&page=11,I'm an avid Olay girl...this was not one of my favorites but ib would buy again,i would buy again,,,Mel1234,75609007408,Olay,"['Personal Care', 'Skin Care', 'Anti-Aging', 'Beauty', 'Face Moisturizers', 'Facial Moisturizers', 'Moisturizers', 'Creams & Moisturizers']",Personal Care,Skin Care,Anti-Aging
AV1l8zRZvKc47QAVhnAv,Olay,"Personal Care,Skin Care,Anti-Aging,Beauty,Face Moisturizers,Facial Moisturizers,Moisturizers,Creams & Moisturizers",2017-07-21T16:20:23Z,2018-02-05T11:28:34Z,75609007408.0,"075609007408,olayregeneristdeephydrationregeneratingcream/b00008zpg9,olayregenerist/10910247,olay/pr00740,olayregeneristdeephydratingcreammoisturizer17floz/004661725,olayregeneristdeephydrationregeneratingcreamfacemoisturizer17floz/b00008zpg9,olayregeneristdeephydrationregeneratingcreamfacemoisturizer17floz/004661725,olayregeneristdeephydrationregeneratingcreamfacemoisturizer17floz/b013qne0iu,pg/10910247,0075609007408",P&G,10910247,Olay Regenerist Deep Hydration Regenerating Cream,2016-04-30T00:00:00.000Z,2017-09-24T08:19:42Z,2017-09-03T19:46:00.000Z,False,True,109316446.0,,3,https://www.walmart.com/reviews/product/10322150?limit=20&sort=relevancy&page=11,"Today is my first time using this product. Felt great going on immediately, felt moisturized without being too greasy. Although it smells great I would have loved to have this formula in a fragrance-free option, my skin tends to be a little sensitive to fragrances, but I will give a final review in a couple of weeks",Why No fragrance-free Formula,,,MyLifeInHeels,75609007408,Olay,"['Personal Care', 'Skin Care', 'Anti-Aging', 'Beauty', 'Face Moisturizers', 'Facial Moisturizers', 'Moisturizers', 'Creams & Moisturizers']",Personal Care,Skin Care,Anti-Aging
AV1l8zRZvKc47QAVhnAv,Olay,"Personal Care,Skin Care,Anti-Aging,Beauty,Face Moisturizers,Facial Moisturizers,Moisturizers,Creams & Moisturizers",2017-07-21T16:20:23Z,2018-02-05T11:28:34Z,75609007408.0,"075609007408,olayregeneristdeephydrationregeneratingcream/b00008zpg9,olayregenerist/10910247,olay/pr00740,olayregeneristdeephydratingcreammoisturizer17floz/004661725,olayregeneristdeephydrationregeneratingcreamfacemoisturizer17floz/b00008zpg9,olayregeneristdeephydrationregeneratingcreamfacemoisturizer17floz/004661725,olayregeneristdeephydrationregeneratingcreamfacemoisturizer17floz/b013qne0iu,pg/10910247,0075609007408",P&G,10910247,Olay Regenerist Deep Hydration Regenerating Cream,2016-07-01T00:00:00.000Z,2017-09-24T08:19:42Z,2017-09-03T19:46:00.000Z,False,True,116325974.0,,3,https://www.walmart.com/reviews/product/10322150?limit=20&sort=relevancy&page=11,"Love the smell, and how supple my skin feels,I actually wakeup with less sleep wrinkles on my face from using thee night time moisture cream. I would use everything okay makes if I could afford to buy them.",The scent is wonderful,,,Nannygranny,75609007408,Olay,"['Personal Care', 'Skin Care', 'Anti-Aging', 'Beauty', 'Face Moisturizers', 'Facial Moisturizers', 'Moisturizers', 'Creams & Moisturizers']",Personal Care,Skin Care,Anti-Aging
AV1l8zRZvKc47QAVhnAv,Olay,"Personal Care,Skin Care,Anti-Aging,Beauty,Face Moisturizers,Facial Moisturizers,Moisturizers,Creams & Moisturizers",2017-07-21T16:20:23Z,2018-02-05T11:28:34Z,75609007408.0,"075609007408,olayregeneristdeephydrationregeneratingcream/b00008zpg9,olayregenerist/10910247,olay/pr00740,olayregeneristdeephydratingcreammoisturizer17floz/004661725,olayregeneristdeephydrationregeneratingcreamfacemoisturizer17floz/b00008zpg9,olayregeneristdeephydrationregeneratingcreamfacemoisturizer17floz/004661725,olayregeneristdeephydrationregeneratingcreamfacemoisturizer17floz/b013qne0iu,pg/10910247,0075609007408",P&G,10910247,Olay Regenerist Deep Hydration Regenerating Cream,2016-11-19T00:00:00.000Z,2017-09-24T08:19:42Z,2017-09-03T19:46:00.000Z,False,True,135276158.0,,3,https://www.walmart.com/reviews/product/10322150?limit=20&sort=relevancy&page=6,Its good cause it works and that's all that matters. .,Its good,,,Codmo71,75609007408,Olay,"['Personal Care', 'Skin Care', 'Anti-Aging', 'Beauty', 'Face Moisturizers', 'Facial Moisturizers', 'Moisturizers', 'Creams & Moisturizers']",Personal Care,Skin Care,Anti-Aging
AV1l8zRZvKc47QAVhnAv,Olay,"Personal Care,Skin Care,Anti-Aging,Beauty,Face Moisturizers,Facial Moisturizers,Moisturizers,Creams & Moisturizers",2017-07-21T16:20:23Z,2018-02-05T11:28:34Z,75609007408.0,"075609007408,olayregeneristdeephydrationregeneratingcream/b00008zpg9,olayregenerist/10910247,olay/pr00740,olayregeneristdeephydratingcreammoisturizer17floz/004661725,olayregeneristdeephydrationregeneratingcreamfacemoisturizer17floz/b00008zpg9,olayregeneristdeephydrationregeneratingcreamfacemoisturizer17floz/004661725,olayregeneristdeephydrationregeneratingcreamfacemoisturizer17floz/b013qne0iu,pg/10910247,0075609007408",P&G,10910247,Olay Regenerist Deep Hydration Regenerating Cream,2016-11-05T00:00:00.000Z,2017-09-24T08:19:42Z,2017-09-03T19:46:00.000Z,False,True,133669360.0,,3,https://www.walmart.com/reviews/product/10322150?limit=20&sort=relevancy&page=6,"product seems to work well, I haven't noticed any major antiaging qualities but does seem to help the acne",PRETTY GOOD,,,Allycat,75609007408,Olay,"['Personal Care', 'Skin Care', 'Anti-Aging', 'Beauty', 'Face Moisturizers', 'Facial Moisturizers', 'Moisturizers', 'Creams & Moisturizers']",Personal Care,Skin Care,Anti-Aging
AV1l8zRZvKc47QAVhnAv,Olay,"Personal Care,Skin Care,Anti-Aging,Beauty,Face Moisturizers,Facial Moisturizers,Moisturizers,Creams & Moisturizers",2017-07-21T16:20:23Z,2018-02-05T11:28:34Z,75609007408.0,"075609007408,olayregeneristdeephydrationregeneratingcream/b00008zpg9,olayregenerist/10910247,olay/pr00740,olayregeneristdeephydratingcreammoisturizer17floz/004661725,olayregeneristdeephydrationregeneratingcreamfacemoisturizer17floz/b00008zpg9,olayregeneristdeephydrationregeneratingcreamfacemoisturizer17floz/004661725,olayregeneristdeephydrationregeneratingcreamfacemoisturizer17floz/b013qne0iu,pg/10910247,0075609007408",P&G,10910247,Olay Regenerist Deep Hydration Regenerating Cream,2016-08-05T00:00:00.000Z,2017-09-24T08:19:42Z,2017-09-03T19:46:00.000Z,False,True,123323724.0,,3,https://www.walmart.com/reviews/product/10322150?limit=20&sort=relevancy&page=8,I would recommend this product to those who don't have the money to spend on expensive lotions daily facial products. As we all know older we get we start showing signs of our real age. Olay has products for your every day concerns and cares. I've used Olay products off on for years.,This product is an oldie but goodie!,,,Preacherjackson1,75609007408,Olay,"['Personal Care', 'Skin Care', 'Anti-Aging', 'Beauty', 'Face Moisturizers', 'Facial Moisturizers', 'Moisturizers', 'Creams & Moisturizers']",Personal Care,Skin Care,Anti-Aging
AV1l8zRZvKc47QAVhnAv,Olay,"Personal Care,Skin Care,Anti-Aging,Beauty,Face Moisturizers,Facial Moisturizers,Moisturizers,Creams & Moisturizers",2017-07-21T16:20:23Z,2018-02-05T11:28:34Z,75609007408.0,"075609007408,olayregeneristdeephydrationregeneratingcream/b00008zpg9,olayregenerist/10910247,olay/pr00740,olayregeneristdeephydratingcreammoisturizer17floz/004661725,olayregeneristdeephydrationregeneratingcreamfacemoisturizer17floz/b00008zpg9,olayregeneristdeephydrationregeneratingcreamfacemoisturizer17floz/004661725,olayregeneristdeephydrationregeneratingcreamfacemoisturizer17floz/b013qne0iu,pg/10910247,0075609007408",P&G,10910247,Olay Regenerist Deep Hydration Regenerating Cream,2016-09-13T00:00:00.000Z,2017-09-24T08:19:42Z,2017-09-03T19:46:00.000Z,False,True,127767298.0,,3,https://www.walmart.com/reviews/product/10322150?limit=20&sort=relevancy&page=8,smell good because it has a good smell and it should be put in more stores so people can buy it,smell good,,,steven12,75609007408,Olay,"['Personal Care', 'Skin Care', 'Anti-Aging', 'Beauty', 'Face Moisturizers', 'Facial Moisturizers', 'Moisturizers', 'Creams & Moisturizers']",Personal Care,Skin Care,Anti-Aging
AV1l8zRZvKc47QAVhnAv,Olay,"Personal Care,Skin Care,Anti-Aging,Beauty,Face Moisturizers,Facial Moisturizers,Moisturizers,Creams & Moisturizers",2017-07-21T16:20:23Z,2018-02-05T11:28:34Z,75609007408.0,"075609007408,olayregeneristdeephydrationregeneratingcream/b00008zpg9,olayregenerist/10910247,olay/pr00740,olayregeneristdeephydratingcreammoisturizer17floz/004661725,olayregeneristdeephydrationregeneratingcreamfacemoisturizer17floz/b00008zpg9,olayregeneristdeephydrationregeneratingcreamfacemoisturizer17floz/004661725,olayregeneristdeephydrationregeneratingcreamfacemoisturizer17floz/b013qne0iu,pg/10910247,0075609007408",P&G,10910247,Olay Regenerist Deep Hydration Regenerating Cream,2017-01-02T00:00:00.000Z,2017-09-24T08:19:42Z,2017-09-03T19:46:00.000Z,False,True,141760508.0,,3,https://www.walmart.com/reviews/product/10322150?limit=20&sort=relevancy&page=4,This product works amazing because it not only makes my skin smell great it also keep my skin smooth n healty,This product works amazing,,,Smootine,75609007408,Olay,"['Personal Care', 'Skin Care', 'Anti-Aging', 'Beauty', 'Face Moisturizers', 'Facial Moisturizers', 'Moisturizers', 'Creams & Moisturizers']",Personal Care,Skin Care,Anti-Aging
AV1l8zRZvKc47QAVhnAv,Olay,"Personal Care,Skin Care,Anti-Aging,Beauty,Face Moisturizers,Facial Moisturizers,Moisturizers,Creams & Moisturizers",2017-07-21T16:20:23Z,2018-02-05T11:28:34Z,75609007408.0,"075609007408,olayregeneristdeephydrationregeneratingcream/b00008zpg9,olayregenerist/10910247,olay/pr00740,olayregeneristdeephydratingcreammoisturizer17floz/004661725,olayregeneristdeephydrationregeneratingcreamfacemoisturizer17floz/b00008zpg9,olayregeneristdeephydrationregeneratingcreamfacemoisturizer17floz/004661725,olayregeneristdeephydrationregeneratingcreamfacemoisturizer17floz/b013qne0iu,pg/10910247,0075609007408",P&G,10910247,Olay Regenerist Deep Hydration Regenerating Cream,2016-12-30T00:00:00.000Z,2017-09-24T08:19:42Z,2017-09-03T19:46:00.000Z,False,True,141471164.0,,3,https://www.walmart.com/reviews/product/10322150?limit=20&sort=relevancy&page=4,I would def recommend this product! It smells so good and leave Susie skin soft.,smells so good,,,Kpeezy,75609007408,Olay,"['Personal Care', 'Skin Care', 'Anti-Aging', 'Beauty', 'Face Moisturizers', 'Facial Moisturizers', 'Moisturizers', 'Creams & Moisturizers']",Personal Care,Skin Care,Anti-Aging
AV1l8zRZvKc47QAVhnAv,Olay,"Personal Care,Skin Care,Anti-Aging,Beauty,Face Moisturizers,Facial Moisturizers,Moisturizers,Creams & Moisturizers",2017-07-21T16:20:23Z,2018-02-05T11:28:34Z,75609007408.0,"075609007408,olayregeneristdeephydrationregeneratingcream/b00008zpg9,olayregenerist/10910247,olay/pr00740,olayregeneristdeephydratingcreammoisturizer17floz/004661725,olayregeneristdeephydrationregeneratingcreamfacemoisturizer17floz/b00008zpg9,olayregeneristdeephydrationregeneratingcreamfacemoisturizer17floz/004661725,olayregeneristdeephydrationregeneratingcreamfacemoisturizer17floz/b013qne0iu,pg/10910247,0075609007408",P&G,10910247,Olay Regenerist Deep Hydration Regenerating Cream,2016-12-24T00:00:00.000Z,2017-09-24T08:19:42Z,2017-09-03T19:46:00.000Z,False,True,140641673.0,,3,https://www.walmart.com/reviews/product/10322150?limit=20&sort=relevancy&page=4,"Great smell and feel, would like to try again in future. Thank you",5742870423,,,5742870423,75609007408,Olay,"['Personal Care', 'Skin Care', 'Anti-Aging', 'Beauty', 'Face Moisturizers', 'Facial Moisturizers', 'Moisturizers', 'Creams & Moisturizers']",Personal Care,Skin Care,Anti-Aging
AV1l8zRZvKc47QAVhnAv,Olay,"Personal Care,Skin Care,Anti-Aging,Beauty,Face Moisturizers,Facial Moisturizers,Moisturizers,Creams & Moisturizers",2017-07-21T16:20:23Z,2018-02-05T11:28:34Z,75609007408.0,"075609007408,olayregeneristdeephydrationregeneratingcream/b00008zpg9,olayregenerist/10910247,olay/pr00740,olayregeneristdeephydratingcreammoisturizer17floz/004661725,olayregeneristdeephydrationregeneratingcreamfacemoisturizer17floz/b00008zpg9,olayregeneristdeephydrationregeneratingcreamfacemoisturizer17floz/004661725,olayregeneristdeephydrationregeneratingcreamfacemoisturizer17floz/b013qne0iu,pg/10910247,0075609007408",P&G,10910247,Olay Regenerist Deep Hydration Regenerating Cream,2013-02-22T00:00:00.000Z,2017-09-24T08:19:42Z,2017-09-03T19:46:00.000Z,False,True,10211225.0,4.0,3,https://www.walmart.com/reviews/product/10322150,"I rated the Olay Micro-Sculpting fragrance free a one because it did not absorb and made foundation glob. It peeled as i rubbed. This formula is much better for day use. It absorbs quickly and is not greasy. I does hydrate well, haven't seen all my wrinkles dissappear yet. :)",better for day use,,,DeeBee911,75609007408,Olay,"['Personal Care', 'Skin Care', 'Anti-Aging', 'Beauty', 'Face Moisturizers', 'Facial Moisturizers', 'Moisturizers', 'Creams & Moisturizers']",Personal Care,Skin Care,Anti-Aging
AV1l8zRZvKc47QAVhnAv,Olay,"Personal Care,Skin Care,Anti-Aging,Beauty,Face Moisturizers,Facial Moisturizers,Moisturizers,Creams & Moisturizers",2017-07-21T16:20:23Z,2018-02-05T11:28:34Z,75609007408.0,"075609007408,olayregeneristdeephydrationregeneratingcream/b00008zpg9,olayregenerist/10910247,olay/pr00740,olayregeneristdeephydratingcreammoisturizer17floz/004661725,olayregeneristdeephydrationregeneratingcreamfacemoisturizer17floz/b00008zpg9,olayregeneristdeephydrationregeneratingcreamfacemoisturizer17floz/004661725,olayregeneristdeephydrationregeneratingcreamfacemoisturizer17floz/b013qne0iu,pg/10910247,0075609007408",P&G,10910247,Olay Regenerist Deep Hydration Regenerating Cream,2017-03-31T00:00:00.000Z,2017-09-24T08:19:42Z,2017-09-03T19:46:00.000Z,True,False,137165732.0,1.0,3,https://www.walmart.com/reviews/product/10322150,I did not like the way it felt on my skin. I felt like I had on some sort of a skin mask. It may be OK for some people. But not for me. The moisturizer does have a creamy texture to it.,Might be OK for some.,,,Kleeo,75609007408,Olay,"['Personal Care', 'Skin Care', 'Anti-Aging', 'Beauty', 'Face Moisturizers', 'Facial Moisturizers', 'Moisturizers', 'Creams & Moisturizers']",Personal Care,Skin Care,Anti-Aging
AV1l8zRZvKc47QAVhnAv,Olay,"Personal Care,Skin Care,Anti-Aging,Beauty,Face Moisturizers,Facial Moisturizers,Moisturizers,Creams & Moisturizers",2017-07-21T16:20:23Z,2018-02-05T11:28:34Z,75609007408.0,"075609007408,olayregeneristdeephydrationregeneratingcream/b00008zpg9,olayregenerist/10910247,olay/pr00740,olayregeneristdeephydratingcreammoisturizer17floz/004661725,olayregeneristdeephydrationregeneratingcreamfacemoisturizer17floz/b00008zpg9,olayregeneristdeephydrationregeneratingcreamfacemoisturizer17floz/004661725,olayregeneristdeephydrationregeneratingcreamfacemoisturizer17floz/b013qne0iu,pg/10910247,0075609007408",P&G,10910247,Olay Regenerist Deep Hydration Regenerating Cream,2016-04-30T03:08:38.000Z,2017-09-11T23:48:14Z,"2017-08-15T15:35:00.000Z,2017-08-05T19:37:00.000Z,2017-08-17T22:48:00.000Z,2017-07-24T00:22:00.000Z,2017-07-22T12:45:00.000Z",,True,,,3,https://redsky.target.com/groot-domain-api/v1/reviews/10910247?sort=helpfulness_desc&limit=200&offset=270,"Today is my first time using this product. Felt great going on immediately, felt moisturized without being too greasy. Although it smells great I would have loved to have this formula in a fragrance-free option, my skin tends to be a little sensitive to fragrances, but I will give a final review in a couple of weeks",Why No Fragrance-free Formula,Brooklyn,,Mylifeinheels,75609007408,Olay,"['Personal Care', 'Skin Care', 'Anti-Aging', 'Beauty', 'Face Moisturizers', 'Facial Moisturizers', 'Moisturizers', 'Creams & Moisturizers']",Personal Care,Skin Care,Anti-Aging
AV1l8zRZvKc47QAVhnAv,Olay,"Personal Care,Skin Care,Anti-Aging,Beauty,Face Moisturizers,Facial Moisturizers,Moisturizers,Creams & Moisturizers",2017-07-21T16:20:23Z,2018-02-05T11:28:34Z,75609007408.0,"075609007408,olayregeneristdeephydrationregeneratingcream/b00008zpg9,olayregenerist/10910247,olay/pr00740,olayregeneristdeephydratingcreammoisturizer17floz/004661725,olayregeneristdeephydrationregeneratingcreamfacemoisturizer17floz/b00008zpg9,olayregeneristdeephydrationregeneratingcreamfacemoisturizer17floz/004661725,olayregeneristdeephydrationregeneratingcreamfacemoisturizer17floz/b013qne0iu,pg/10910247,0075609007408",P&G,10910247,Olay Regenerist Deep Hydration Regenerating Cream,2015-06-02T00:00:00.000Z,2017-09-24T08:19:42Z,2017-09-03T19:47:00.000Z,False,True,79902585.0,,4,https://www.walmart.com/reviews/product/10322150?limit=20&sort=relevancy&page=32,Its keeps your face feeling moisturizer and soft and feels light weight on your skin. This review was collected as part of a promotion.,This product has good features.,,,Sureone27,75609007408,Olay,"['Personal Care', 'Skin Care', 'Anti-Aging', 'Beauty', 'Face Moisturizers', 'Facial Moisturizers', 'Moisturizers', 'Creams & Moisturizers']",Personal Care,Skin Care,Anti-Aging
AV1l8zRZvKc47QAVhnAv,Olay,"Personal Care,Skin Care,Anti-Aging,Beauty,Face Moisturizers,Facial Moisturizers,Moisturizers,Creams & Moisturizers",2017-07-21T16:20:23Z,2018-02-05T11:28:34Z,75609007408.0,"075609007408,olayregeneristdeephydrationregeneratingcream/b00008zpg9,olayregenerist/10910247,olay/pr00740,olayregeneristdeephydratingcreammoisturizer17floz/004661725,olayregeneristdeephydrationregeneratingcreamfacemoisturizer17floz/b00008zpg9,olayregeneristdeephydrationregeneratingcreamfacemoisturizer17floz/004661725,olayregeneristdeephydrationregeneratingcreamfacemoisturizer17floz/b013qne0iu,pg/10910247,0075609007408",P&G,10910247,Olay Regenerist Deep Hydration Regenerating Cream,2015-05-26T00:00:00.000Z,2017-09-24T08:19:42Z,2017-09-03T19:47:00.000Z,False,True,79563599.0,,4,"https://www.walmart.com/reviews/product/10322150?limit=20&sort=relevancy&page=32,https://www.walmart.com/reviews/product/10322150?limit=20&sort=relevancy&page=33",It hydrates my skin. It is not too thick and heavy when I put it on. This review was collected as part of a promotion.,hydrating but not too heavy,,,JaniceC,75609007408,Olay,"['Personal Care', 'Skin Care', 'Anti-Aging', 'Beauty', 'Face Moisturizers', 'Facial Moisturizers', 'Moisturizers', 'Creams & Moisturizers']",Personal Care,Skin Care,Anti-Aging
AV1l8zRZvKc47QAVhnAv,Olay,"Personal Care,Skin Care,Anti-Aging,Beauty,Face Moisturizers,Facial Moisturizers,Moisturizers,Creams & Moisturizers",2017-07-21T16:20:23Z,2018-02-05T11:28:34Z,75609007408.0,"075609007408,olayregeneristdeephydrationregeneratingcream/b00008zpg9,olayregenerist/10910247,olay/pr00740,olayregeneristdeephydratingcreammoisturizer17floz/004661725,olayregeneristdeephydrationregeneratingcreamfacemoisturizer17floz/b00008zpg9,olayregeneristdeephydrationregeneratingcreamfacemoisturizer17floz/004661725,olayregeneristdeephydrationregeneratingcreamfacemoisturizer17floz/b013qne0iu,pg/10910247,0075609007408",P&G,10910247,Olay Regenerist Deep Hydration Regenerating Cream,2015-05-26T00:00:00.000Z,2017-09-24T08:19:42Z,2017-09-03T19:47:00.000Z,False,True,79661862.0,,4,https://www.walmart.com/reviews/product/10322150?limit=20&sort=relevancy&page=32,This product goes on smooth and makes your skin feel great instantly! This review was collected as part of a promotion.,Super!,,,Fritolay,75609007408,Olay,"['Personal Care', 'Skin Care', 'Anti-Aging', 'Beauty', 'Face Moisturizers', 'Facial Moisturizers', 'Moisturizers', 'Creams & Moisturizers']",Personal Care,Skin Care,Anti-Aging
AV1l8zRZvKc47QAVhnAv,Olay,"Personal Care,Skin Care,Anti-Aging,Beauty,Face Moisturizers,Facial Moisturizers,Moisturizers,Creams & Moisturizers",2017-07-21T16:20:23Z,2018-02-05T11:28:34Z,75609007408.0,"075609007408,olayregeneristdeephydrationregeneratingcream/b00008zpg9,olayregenerist/10910247,olay/pr00740,olayregeneristdeephydratingcreammoisturizer17floz/004661725,olayregeneristdeephydrationregeneratingcreamfacemoisturizer17floz/b00008zpg9,olayregeneristdeephydrationregeneratingcreamfacemoisturizer17floz/004661725,olayregeneristdeephydrationregeneratingcreamfacemoisturizer17floz/b013qne0iu,pg/10910247,0075609007408",P&G,10910247,Olay Regenerist Deep Hydration Regenerating Cream,2015-05-26T00:00:00.000Z,2017-09-24T08:19:42Z,2017-09-03T19:47:00.000Z,False,True,79559674.0,,4,https://www.walmart.com/reviews/product/10322150?limit=20&sort=relevancy&page=33,I have tried other products and the Regenerist seems to be the best This review was collected as part of a promotion.,Regenerist,,,SoYoung,75609007408,Olay,"['Personal Care', 'Skin Care', 'Anti-Aging', 'Beauty', 'Face Moisturizers', 'Facial Moisturizers', 'Moisturizers', 'Creams & Moisturizers']",Personal Care,Skin Care,Anti-Aging
AV1l8zRZvKc47QAVhnAv,Olay,"Personal Care,Skin Care,Anti-Aging,Beauty,Face Moisturizers,Facial Moisturizers,Moisturizers,Creams & Moisturizers",2017-07-21T16:20:23Z,2018-02-05T11:28:34Z,75609007408.0,"075609007408,olayregeneristdeephydrationregeneratingcream/b00008zpg9,olayregenerist/10910247,olay/pr00740,olayregeneristdeephydratingcreammoisturizer17floz/004661725,olayregeneristdeephydrationregeneratingcreamfacemoisturizer17floz/b00008zpg9,olayregeneristdeephydrationregeneratingcreamfacemoisturizer17floz/004661725,olayregeneristdeephydrationregeneratingcreamfacemoisturizer17floz/b013qne0iu,pg/10910247,0075609007408",P&G,10910247,Olay Regenerist Deep Hydration Regenerating Cream,2015-06-01T00:00:00.000Z,2017-09-24T08:19:42Z,2017-09-03T19:47:00.000Z,False,True,79889245.0,,4,https://www.walmart.com/reviews/product/10322150?limit=20&sort=relevancy&page=33,Really like the feel of the product and smooths all so well. This review was collected as part of a promotion.,really hydrats,,,EZ42,75609007408,Olay,"['Personal Care', 'Skin Care', 'Anti-Aging', 'Beauty', 'Face Moisturizers', 'Facial Moisturizers', 'Moisturizers', 'Creams & Moisturizers']",Personal Care,Skin Care,Anti-Aging
AV1l8zRZvKc47QAVhnAv,Olay,"Personal Care,Skin Care,Anti-Aging,Beauty,Face Moisturizers,Facial Moisturizers,Moisturizers,Creams & Moisturizers",2017-07-21T16:20:23Z,2018-02-05T11:28:34Z,75609007408.0,"075609007408,olayregeneristdeephydrationregeneratingcream/b00008zpg9,olayregenerist/10910247,olay/pr00740,olayregeneristdeephydratingcreammoisturizer17floz/004661725,olayregeneristdeephydrationregeneratingcreamfacemoisturizer17floz/b00008zpg9,olayregeneristdeephydrationregeneratingcreamfacemoisturizer17floz/004661725,olayregeneristdeephydrationregeneratingcreamfacemoisturizer17floz/b013qne0iu,pg/10910247,0075609007408",P&G,10910247,Olay Regenerist Deep Hydration Regenerating Cream,2015-05-26T00:00:00.000Z,2017-09-24T08:19:42Z,2017-09-03T19:47:00.000Z,False,True,79655569.0,,4,https://www.walmart.com/reviews/product/10322150?limit=20&sort=relevancy&page=33,In only a week I can see the difference in my skin on my face. This review was collected as part of a promotion.,This product has made a real difference on my skin,,,DeeDeeDeeDeeSQR,75609007408,Olay,"['Personal Care', 'Skin Care', 'Anti-Aging', 'Beauty', 'Face Moisturizers', 'Facial Moisturizers', 'Moisturizers', 'Creams & Moisturizers']",Personal Care,Skin Care,Anti-Aging
